index,description,tweet_lemma,label_model
0,Pergerakan Mahasiswa Islam Indonesia (PMII) hampir menerobos gerbang Balai Kota DKI Jakarta saat demonstrasi tolak kenaikan harga BBM. #TempoMetro https://t.co/qLMK4T3bbB,Pergerakan Mahasiswa Islam Indonesia  PMII  hampir menerobos gerbang Balai Kota DKI Jakarta saat demonstrasi tolak kenaikan harga BBM   TempoMetro  ,negatif
1,"Demo menolak kenaikan harga BBM bersubsidi di kawasan Patung Kuda, Jakarta Pusat, diwarnai aksi pencopetan yang membuat puluhan peserta aksi kehilangan hand phone (HP) nya.
https://t.co/sEOlzl8MNW https://t.co/lOzpz6S5Mh",Demo menolak kenaikan harga BBM bersubsidi di kawasan Patung Kuda  Jakarta Pusat  diwarnai aksi pencopetan yang membuat puluhan peserta aksi kehilangan hand phone  HP  nya     ,negatif
2,"MAHASISWA BERSAMA RAKYAT SURABAYA BERGERAK !!!
TOLAK KENAIKAN HARGA BBM !!
Link : 
https://t.co/NhdEgj9ZaV
SEBARKAN TEMAN² !!
TV TIDAK MENYIARKAN !!
SURABAYA BERGERAK !!
ALLAHU AKBAR !!

#BBMNaikRakyatRevolusi 
#BBMNaikRakyatRevolusi https://t.co/zutImkQimL",MAHASISWA BERSAMA RAKYAT SURABAYA BERGERAK     TOLAK KENAIKAN HARGA BBM    Link      SEBARKAN TEMAN     TV TIDAK MENYIARKAN    SURABAYA BERGERAK    ALLAHU AKBAR      BBMNaikRakyatRevolusi   BBMNaikRakyatRevolusi  ,negatif
3,"Demo menolak kenaikan BBM bersubsidi dilakukan di seluruh negeri. Ini luar biasa tidak pernah terjadi sebelumnya. Mengapa terjadi demo sedemikian masif. Sila baca analisis saya sebagai sosiolog.

https://t.co/JyH25flOl7",Demo menolak kenaikan BBM bersubsidi dilakukan di seluruh negeri  Ini luar biasa tidak pernah terjadi sebelumnya  Mengapa terjadi demo sedemikian masif  Sila baca analisis saya sebagai sosiolog    ,negatif
4,"Avengers akhirnya ikut serta dibarisan abang² Mahasiswa untuk Menolak Kenaikan Harga BBM, kawasan Patung Kuda Jakarta.. ??????? (13/Sept/2022) https://t.co/HIqRmHimhG",Avengers akhirnya ikut serta dibarisan abang  Mahasiswa untuk Menolak Kenaikan Harga BBM  kawasan Patung Kuda Jakarta              Sept     ,negatif
5,@Inijuju1 Yess apakah pengalihan kasus yg lebih besarrrr dari data negara? Kasus yg lebih besar daripada kenaikan tiba2 bbm? Apakah kenaikan bbm tiba tiba pun untuk pengalihan isu yg lebih besar lagikah ?? ????????????,  Yess apakah pengalihan kasus yg lebih besarrrr dari data negara  Kasus yg lebih besar daripada kenaikan tiba  bbm  Apakah kenaikan bbm tiba tiba pun untuk pengalihan isu yg lebih besar lagikah                ,netral
6,"Massa aksi sudah tiba di gedung Grahadi Surabaya, bersiap menyampaikan aspirasi dan tuntutan rakyat terutama atas kenaikan harga BBM. ??

Bersama @MprAldo dan @aliansibem_si

#PanjangUmurPerjuangan
#SurabayaPejuang
#IndonesiaBangkit https://t.co/MPna7F3bOa",Massa aksi sudah tiba di gedung Grahadi Surabaya  bersiap menyampaikan aspirasi dan tuntutan rakyat terutama atas kenaikan harga BBM      Bersama   dan     PanjangUmurPerjuangan  SurabayaPejuang  IndonesiaBangkit  ,negatif
7,Terus Bergerak Tolak Kenaikan Harga BBM..!!! https://t.co/loNqtYG43E,Terus Bergerak Tolak Kenaikan Harga BBM       ,negatif
8,Kata ketua PBNU kenaikan BBM bisa dipahami pak. Internal NU tidak kompak? https://t.co/r3PtdZpAE7,Kata ketua PBNU kenaikan BBM bisa dipahami pak  Internal NU tidak kompak   ,netral
9,"Contoh pemimpin sejati.
Gubernur Sumut temui massa demo kenaikan BBM.
""Indonesia tidak dalam kondisi baik2 saja"" https://t.co/c3js2buDmE",Contoh pemimpin sejati  Gubernur Sumut temui massa demo kenaikan BBM   Indonesia tidak dalam kondisi baik  saja   ,positif
10,Sampai malam ini mahasiswa masih bertahan di Patung Kuda untuk menyuarakan penolakan terhadap kenaikan harga BBM. https://t.co/Urazh6XeoC,Sampai malam ini mahasiswa masih bertahan di Patung Kuda untuk menyuarakan penolakan terhadap kenaikan harga BBM   ,negatif
11,Demo mahasiswa buruh Dan Rakyat Yang melawan terus berlanjut menolak kenaikan BBM Di patung Kuda 13-09-2022 https://t.co/qTRPaTCceS,Demo mahasiswa buruh Dan Rakyat Yang melawan terus berlanjut menolak kenaikan BBM Di patung Kuda        ,negatif
12,"Tolak Kenaikan Harga BBM ???????
(Kota Pangkalpinang, Bangka Belitung 14/Sept/2022) https://t.co/rhMDRustH9",Tolak Kenaikan Harga BBM          Kota Pangkalpinang  Bangka Belitung   Sept     ,negatif
13,[https://t.co/RbL6jdZ23s]  Mahasiswa IMM Lampung Utara Demo Tolak Kenaikan Harga BBM https://t.co/I7HSf2YLVT #daerah #pemerintahan #news #nasional #ekonomi,    Mahasiswa IMM Lampung Utara Demo Tolak Kenaikan Harga BBM    daerah  pemerintahan  news  nasional  ekonomi,negatif
14,"PASCA KENAIKAN HARGA BBM, POLSEK BALEENDAH POLRESTA BANDUNG BAKSOS SEMBAKO BERSAMA MAHASISWA UNIBA

Baleendah - Pasca kenaikan harga BBM, Polsek Baleendah Polresta Bandung melaksanakan bakti sosial (baksos). https://t.co/wzkT9221Je",PASCA KENAIKAN HARGA BBM  POLSEK BALEENDAH POLRESTA BANDUNG BAKSOS SEMBAKO BERSAMA MAHASISWA UNIBA  Baleendah   Pasca kenaikan harga BBM  Polsek Baleendah Polresta Bandung melaksanakan bakti sosial  baksos    ,positif
15,Aksi Demo 13092022 telah usai dan akan kembali lagi dg jumlah masa yg lebih besar jika tuntutan Dibatalkannya Kenaikan Harga BBM tdk dikabulkan. https://t.co/HODVEnhAoA,Aksi Demo   telah usai dan akan kembali lagi dg jumlah masa yg lebih besar jika tuntutan Dibatalkannya Kenaikan Harga BBM tdk dikabulkan   ,negatif
16,"Indonesia 13 September 2022

Aksi tolak kenaikan harga bbm oleh adek-adek Mahasiswa dan STM tidak tersiar di televisi nasional Indonesia arus utama 

Media televisi dibungkam https://t.co/rMLjvrM5tp",Indonesia   September    Aksi tolak kenaikan harga bbm oleh adek adek Mahasiswa dan STM tidak tersiar di televisi nasional Indonesia arus utama   Media televisi dibungkam  ,negatif
17,"Tolak Kenaikan Harga BBM ???????
(Kantor DPRD Lampung Utara 14/Sept/2022) https://t.co/i4kLPhGaPQ",Tolak Kenaikan Harga BBM          Kantor DPRD Lampung Utara   Sept     ,negatif
18,"Suara Penolakan kenaikan harga BBM terus bergulir, hari ini Buruh Bekasi kembali turun ke jalan
#TolakKenaikanHarga_BBM 
#TolakTerusKenaikanBBM https://t.co/vIFFZdlzVx",Suara Penolakan kenaikan harga BBM terus bergulir  hari ini Buruh Bekasi kembali turun ke jalan  TolakKenaikanHarga BBM   TolakTerusKenaikanBBM  ,negatif
19,https://t.co/4UANnFT9LR, ,negatif
20,Om telolet ?????????? https://t.co/ca8oT6AtD4,Om telolet             ,negatif
21,"Tetap Fokus Pada Masalah Rakyat Sekarang ;

?Tolak Kenaikan Harga BBM berSubsidi
?Usut Kasus Sambo Pembantaian Brigadir Jhosua 
?Usut kasus KM 50 Seadil-adilnya
?Usut Uang 11 Ribu Triliun 
?Dll",Tetap Fokus Pada Masalah Rakyat Sekarang     Tolak Kenaikan Harga BBM berSubsidi  Usut Kasus Sambo Pembantaian Brigadir Jhosua   Usut kasus KM   Seadil adilnya  Usut Uang   Ribu Triliun   Dll,netral
22,"MEDAN KEREN !? 
Salah satu tuntutan penolakan kenaikan BBM.

Kenapa tidak ada penolakan rezim yg jadi biang kenaikan semua harga.? https://t.co/rlLRc3nCwC",MEDAN KEREN     Salah satu tuntutan penolakan kenaikan BBM   Kenapa tidak ada penolakan rezim yg jadi biang kenaikan semua harga    ,netral
23,"@SartonoHutomo Batalkan kenaikan harga BBM! 
#AHYPemimpinPerubahan AHY Presiden!!! ???",  Batalkan kenaikan harga BBM    AHYPemimpinPerubahan AHY Presiden       ,netral
24,"@Ryu53944310 @alextham878 aduh.......

apa loe ga malu  dik @AgusYudhoyono ?

tapi... ok lah, kan situ waktu itu lagi tugas mangkanya ga tau apa yg terjadi...

BACA...!!!!
????

https://t.co/Q30KBgJBeh",    aduh         apa loe ga malu  dik      tapi    ok lah  kan situ waktu itu lagi tugas mangkanya ga tau apa yg terjadi     BACA               ,netral
25,"Pangkal pinang 14 September 2022

Tolok kenaikan harga BBM https://t.co/dVRWhUQvZT",Pangkal pinang   September    Tolok kenaikan harga BBM  ,negatif
26,"Gaji Ahok 3,2 miliar/bln. Bkn awak iri, tp apa kontribusi Ahok? Yg ada rakyat dibikin susah dgn kenaikan hrg BBM.

Smentara THP bos2 pertamina miliaran rp stiap blnnya. Konyolnya lg pertamina ngaku rugi! ??????????????? https://t.co/W4GJuu57Zf",Gaji Ahok     miliar bln  Bkn awak iri  tp apa kontribusi Ahok  Yg ada rakyat dibikin susah dgn kenaikan hrg BBM   Smentara THP bos  pertamina miliaran rp stiap blnnya  Konyolnya lg pertamina ngaku rugi                   ,negatif
27,"@budimandjatmiko :

""Demonstrasi sah-sah saja dalam negara demokrasi tidak boleh dilarang. Asalkan jangan keras dan macam-macam,"" 

Jangan macam2 mungkin salah satunya adlh JANGAN ANARKIS, apalagi  ujung2nya MINTA TURUNKAN JOKOWI (Mimpi) ??

https://t.co/",      Demonstrasi sah sah saja dalam negara demokrasi tidak boleh dilarang  Asalkan jangan keras dan macam macam     Jangan macam  mungkin salah satunya adlh JANGAN ANARKIS  apalagi  ujung nya MINTA TURUNKAN JOKOWI  Mimpi       ,netral
28,"Masyarakat Kesulitan Imbas BBM Naik, GMNI Pertanyakan Kenaikan Laba Pertamina
https://t.co/0QtZsMFGkB",Masyarakat Kesulitan Imbas BBM Naik  GMNI Pertanyakan Kenaikan Laba Pertamina  ,negatif
29,"Karyawan SPBU WAS-WAS @ganjarpranowo Sidak langsung kenaikan BBM 

#ganjaranapps #ganjaranapp #bbm #ganjarpranowo https://t.co/yEuQsaAN2e",Karyawan SPBU WAS WAS   Sidak langsung kenaikan BBM    ganjaranapps  ganjaranapp  bbm  ganjarpranowo  ,netral
30,Aliansi Mahasiswa NTB melakukan Aksi menolak kenaikan harga BBM di depan kantor DPRD NTB. (Senin 5 September 2022). https://t.co/awZlTVskzP,Aliansi Mahasiswa NTB melakukan Aksi menolak kenaikan harga BBM di depan kantor DPRD NTB   Senin   September      ,negatif
31,Kaum Monas kok tinggal segelintir gitu ya ? Apa kenaikan BBM berpengaruh pada persediaan nasbung ? https://t.co/5yujmYJWmK,Kaum Monas kok tinggal segelintir gitu ya   Apa kenaikan BBM berpengaruh pada persediaan nasbung    ,netral
32,"[Dr. Salim Menyapa NTT]

Seorang tokoh masyarakat di NTT mengapresiasi dan berterima kasih atas sikap Fraksi PKS DPR RI yang menolak kenaikan harga BBM dgn melakukan aksi walk out dr rapat paripurna bbrp waktu lalu.

#DrSalimMenyapaIndonesia 
#DrSalimMenyapaNTT https://t.co/yb4Dkxc18I", Dr  Salim Menyapa NTT   Seorang tokoh masyarakat di NTT mengapresiasi dan berterima kasih atas sikap Fraksi PKS DPR RI yang menolak kenaikan harga BBM dgn melakukan aksi walk out dr rapat paripurna bbrp waktu lalu    DrSalimMenyapaIndonesia   DrSalimMenyapaNTT  ,positif
33,"Beban berat ekonomi rakyat, kenaikan harga BBM, situasi internasional, maraknya protes rakyat paska kenaikan BBM, capres/cawapres partai demokrat dan rencana koalisi akan dibahas 4 ribuan pemimpin partai Demokat  tanggal 15 - 16 September di JCC. Selamat datang peserta Rapimnas.",Beban berat ekonomi rakyat  kenaikan harga BBM  situasi internasional  maraknya protes rakyat paska kenaikan BBM  capres cawapres partai demokrat dan rencana koalisi akan dibahas   ribuan pemimpin partai Demokat  tanggal       September di JCC  Selamat datang peserta Rapimnas ,positif
34,Panas! Demo Tolak Kenaikan BBM. Massa Sebut Partai-partai Borjuis Perampok Hak Rakyat https://t.co/upmIxNt2uy lewat @hajinewsonline,Panas  Demo Tolak Kenaikan BBM  Massa Sebut Partai partai Borjuis Perampok Hak Rakyat   lewat  ,negatif
35,"KENAIKAN harga BBM kali ini mrpkn kebijakan brutal paling sontoloyo. Sdh mahal rakyat yg beli didata Pertamina, seolah mau ngemplang. 
? kalian yg tukang bo'ong koq rakyat yg dicurigai. Terus data publik itu kalian mau tanggungjawab jaganya? Pura2 hilang pdhl kalian jual, kan? https://t.co/85VnbewU1m",KENAIKAN harga BBM kali ini mrpkn kebijakan brutal paling sontoloyo  Sdh mahal rakyat yg beli didata Pertamina  seolah mau ngemplang     kalian yg tukang bo ong koq rakyat yg dicurigai  Terus data publik itu kalian mau tanggungjawab jaganya  Pura  hilang pdhl kalian jual  kan   ,negatif
36,@KieDonwoi Kenaikan BBM sudah tepat agar subsidi BBM bisa dialihkan ke kegiatan yang lebih produktif karena selama ini subsidi BBM tidak tepat sasaran dan terjadi banyak penyalahgunaan,  Kenaikan BBM sudah tepat agar subsidi BBM bisa dialihkan ke kegiatan yang lebih produktif karena selama ini subsidi BBM tidak tepat sasaran dan terjadi banyak penyalahgunaan,positif
37,"Tolak Kenaikan Harga BBM, Massa PMII Paksa Masuk Kantor Balai Kota DKI Jakarta https://t.co/NIxnzd5Mcq",Tolak Kenaikan Harga BBM  Massa PMII Paksa Masuk Kantor Balai Kota DKI Jakarta  ,negatif
38,PMII Kota Bogor Akan Gelar Demo Tolak Kenaikan BBM di Istana Bogor Kamis Besok https://t.co/ybLxq3aj3y https://t.co/4AnhmqRHNl,PMII Kota Bogor Akan Gelar Demo Tolak Kenaikan BBM di Istana Bogor Kamis Besok    ,negatif
39,"Aksi Driver Ojol se-Purwakarta ""Tolak Kenaikan Harga BBM"" di depan Gedung DPRD Purwakarta.. (14/Sept/2022) https://t.co/ot48a2SfwN",Aksi Driver Ojol se Purwakarta  Tolak Kenaikan Harga BBM  di depan Gedung DPRD Purwakarta      Sept     ,negatif
40,"PASCA KENAIKAN HARGA BBM, POLSEK BALEENDAH POLRESTA BANDUNG BAKSOS SEMBAKO BERSAMA MAHASISWA UNIBA

Baleendah - Pasca kenaikan harga BBM, Polsek Baleendah Polresta Bandung melaksanakan bakti sosial (baksos).

Baksos ini dengan membagi-bagikan paket sembako kepada masyarakat https://t.co/gfwScHQN8i",PASCA KENAIKAN HARGA BBM  POLSEK BALEENDAH POLRESTA BANDUNG BAKSOS SEMBAKO BERSAMA MAHASISWA UNIBA  Baleendah   Pasca kenaikan harga BBM  Polsek Baleendah Polresta Bandung melaksanakan bakti sosial  baksos    Baksos ini dengan membagi bagikan paket sembako kepada masyarakat  ,positif
41,"HUT Partai Demokrat Digelar Sederhana, Andi Arief: Bentuk Simpati atas Mereka yang Tolak Kenaikan BBM https://t.co/KiaW8FMAwa  #RapimnasDemokrat",HUT Partai Demokrat Digelar Sederhana  Andi Arief  Bentuk Simpati atas Mereka yang Tolak Kenaikan BBM     RapimnasDemokrat,positif
42,"Sekian dokumentasi amatiran tentang unjuk rasa penolakan kenaikan BBM kemarin ????

#Ardivisual https://t.co/v5nO4qTCDz",Sekian dokumentasi amatiran tentang unjuk rasa penolakan kenaikan BBM kemarin        Ardivisual  ,negatif
43,Aksi Mahasiswa Tolak Kenaikan Harga BBM di Jakarta Berlangsung hingga Malam https://t.co/NRy9UdLHat #TempoFoto,Aksi Mahasiswa Tolak Kenaikan Harga BBM di Jakarta Berlangsung hingga Malam    TempoFoto,negatif
44,"Aksi Tolak Kenaikan Harga BBM yang awalnya berjalan kondusif, akhirnya ricuh lagi, di depan gedung DPRD Provinsi Bengkulu.. (13/Sept/2022) https://t.co/suNhVMc9SR",Aksi Tolak Kenaikan Harga BBM yang awalnya berjalan kondusif  akhirnya ricuh lagi  di depan gedung DPRD Provinsi Bengkulu      Sept     ,negatif
45,"Akibat kenaikan harga BBM, Bhima Yudhistira memprediksi persentase penduduk miskin berisiko naik menjadi 10% sampai 10,5% atau 1 juta-1,3 juta orang miskin baru.

Apakah rakyat kecil makin terjepit?

Yuk simak perspektif Direktur IJM
https://t.co/uNIfOQiTLC",Akibat kenaikan harga BBM  Bhima Yudhistira memprediksi persentase penduduk miskin berisiko naik menjadi    sampai      atau   juta     juta orang miskin baru   Apakah rakyat kecil makin terjepit   Yuk simak perspektif Direktur IJM  ,negatif
46,"?? sedih bgt ini terakhir aku ngasih makan ke kitten liar di perumku. soalnya uang dr gajiku udh ga cukup buat beli makan mrk, imbas dr kenaikan bbm. maaf yah dek :"") https://t.co/eOt2t3KVEg",   sedih bgt ini terakhir aku ngasih makan ke kitten liar di perumku  soalnya uang dr gajiku udh ga cukup buat beli makan mrk  imbas dr kenaikan bbm  maaf yah dek      ,netral
47,"@PartaiSocmed Awalnya saya ngk ngerti dan merasa wajar..karena pak dhe bilang subsidi bbm besar,..rupanya tgl pertama di ucapkan sebelum kenaikan BBM,..baru paham saya
Oalah....??",  Awalnya saya ngk ngerti dan merasa wajar  karena pak dhe bilang subsidi bbm besar   rupanya tgl pertama di ucapkan sebelum kenaikan BBM   baru paham saya Oalah      ,netral
48,"#AHYPemimpinPerubahan Tolak kenaikan BBM #BatalkanKenaikanBBM 
#HarapanRakyatPerjuanganDemokrat https://t.co/4JKDntW1Lu", AHYPemimpinPerubahan Tolak kenaikan BBM  BatalkanKenaikanBBM   HarapanRakyatPerjuanganDemokrat  ,negatif
49,"Tolak Kenaikan Harga BBM ???????
(Tugu Bundaran kota Masohi Maluku 12/Sept/2022) https://t.co/vfpIFlOKrC",Tolak Kenaikan Harga BBM          Tugu Bundaran kota Masohi Maluku   Sept     ,negatif
50,"[AKSI TOLAK KENAIKAN HARGA BBM]

??Selasa, 13 September 2022. https://t.co/xfgohgozxj", AKSI TOLAK KENAIKAN HARGA BBM     Selasa    September     ,negatif
51,GIAT MONITORING UNIVERSITAS KRISTEN INDONESIA (UKI) BEKERJA SAMA DENGAN POLRI MEMBERIKAN BANSOS POLRI PRESISI KEPADA MASYARAKAT YANG TERDAMPAK KENAIKAN HARGA BBM DI DEPAN KAMPUS UKI CAWANG KEC. KRAMAT JATI https://t.co/iUwkHMKtKu,GIAT MONITORING UNIVERSITAS KRISTEN INDONESIA  UKI  BEKERJA SAMA DENGAN POLRI MEMBERIKAN BANSOS POLRI PRESISI KEPADA MASYARAKAT YANG TERDAMPAK KENAIKAN HARGA BBM DI DEPAN KAMPUS UKI CAWANG KEC  KRAMAT JATI  ,positif
52,"Kalau ga salah, di APBNP 2022 dipatok harga ICP sebesar USD 100/barel. Nah, per hari ini harga minyak jenis brent USD 87,78 &amp; WTI USD 82,08/barel. Kalau ikut mekanisme pasar ya harusnya kenaikan BBM dibatalkan. Itu kan kata rakyat biasa, mungkin Ulil Amri punya pandangan lain ??",Kalau ga salah  di APBNP   dipatok harga ICP sebesar USD   barel  Nah  per hari ini harga minyak jenis brent USD      amp  WTI USD     barel  Kalau ikut mekanisme pasar ya harusnya kenaikan BBM dibatalkan  Itu kan kata rakyat biasa  mungkin Ulil Amri punya pandangan lain   ,netral
53,"Menteri Ketenagakerjaan RI menjelaskan BSU yang diberikan kepada para pekerja merupakan bukti bahwa negara hadir membantu warga yang kesulitan terdampak kenaikan harga BBM.

@jokowi Gaspool Pemulihan Ekonomi https://t.co/Of0VYNvUY6",Menteri Ketenagakerjaan RI menjelaskan BSU yang diberikan kepada para pekerja merupakan bukti bahwa negara hadir membantu warga yang kesulitan terdampak kenaikan harga BBM     Gaspool Pemulihan Ekonomi  ,positif
54,"AHY Kumpulkan 3.000 Pimpinan Demokrat Se-Indonesia, Sikapi Kenaikan Harga BBM https://t.co/0bKrRXx1T8",AHY Kumpulkan     Pimpinan Demokrat Se Indonesia  Sikapi Kenaikan Harga BBM  ,negatif
55,"Annggota Koramil 0903/Gununghalu monitoring dan pengamanan pendistribusian BLT dampak kenaikan BBM, untuk warga masyarakat Kec.Gununghalu, di kantor pos Gununghalu
@puspentni @tni_ad @KODIM0609KABBDG @penrem062 @kodam3siliwangi @kemensosri
https://t.co/5TqeQQq58I https://t.co/c30XRggZRO",Annggota Koramil   Gununghalu monitoring dan pengamanan pendistribusian BLT dampak kenaikan BBM  untuk warga masyarakat Kec Gununghalu  di kantor pos Gununghalu                ,positif
56,"Aksi Tolak Kenaikan Harga BBM yang awalnya berjalan kondusif, akhirnya ricuh lagi, di depan gedung DPRD Provinsi Bengkulu.. ??????? (13/Sept/2022) https://t.co/hkCw0LPnFG https://t.co/fKhvN4n2Rk",Aksi Tolak Kenaikan Harga BBM yang awalnya berjalan kondusif  akhirnya ricuh lagi  di depan gedung DPRD Provinsi Bengkulu              Sept       ,negatif
57,"Pasca kenaikan harga BBM, Pemerintah Provinsi Jawa Tengah menggelar rapat koordinasi secara virtual mengenai pengendalian inflasi di daerah yang dipimpin langsung oleh Presiden Joko Widodo. 

#sahabatganjar #ganjarpranowo #Ganjar https://t.co/KAn2AWG7YC",Pasca kenaikan harga BBM  Pemerintah Provinsi Jawa Tengah menggelar rapat koordinasi secara virtual mengenai pengendalian inflasi di daerah yang dipimpin langsung oleh Presiden Joko Widodo     sahabatganjar  ganjarpranowo  Ganjar  ,netral
58,"Demo Tolak Kenaikan Harga BBM di Jakarta Berakhir Ricuh, #BBMNaikRakyatRevolusi Menggema
https://t.co/1XkCtW4Fz4",Demo Tolak Kenaikan Harga BBM di Jakarta Berakhir Ricuh   BBMNaikRakyatRevolusi Menggema  ,negatif
59,@joenaiijb @RohmahRetno @DokterTifa Slogan mensejahterakan rakyat miskin itu perlu di ganti deh... namanya sejahtera itu ya terjamin kebutuhan hidup nya tiap bulannya.. Jadi bukan uang tutup mulut selama 4 bulan karena kenaikan BBM... Setelah 4 bulan tida,      Slogan mensejahterakan rakyat miskin itu perlu di ganti deh    namanya sejahtera itu ya terjamin kebutuhan hidup nya tiap bulannya   Jadi bukan uang tutup mulut selama   bulan karena kenaikan BBM    Setelah   bulan tida,netral
60,"Aksi flashmob oleh DPC PKS Kecamatan Cibinong menolak kenaikan harga BBM bersubsidi. 

#PKStolakKenaikanBBM #PKSPatriotPelayanRakyat #PKSuntukIndonesia https://t.co/By59VtQaHO",Aksi flashmob oleh DPC PKS Kecamatan Cibinong menolak kenaikan harga BBM bersubsidi     PKStolakKenaikanBBM  PKSPatriotPelayanRakyat  PKSuntukIndonesia  ,netral
61,"Pak Ganjar Gandeng BPK untuk Optimalisasi Anggaran atasi kenaikan BBM

#GANTARI???? 
#GanjarTheNextPresiden https://t.co/z3Esdz1U5q",Pak Ganjar Gandeng BPK untuk Optimalisasi Anggaran atasi kenaikan BBM   GANTARI       GanjarTheNextPresiden  ,positif
62,Kepala Divisi Divisi Humas Polri Irjen Dedi bilang begini soal fenomena akibat kenaikan harga BBM. #IrjenDedi https://t.co/Zb3QPdJZYI,Kepala Divisi Divisi Humas Polri Irjen Dedi bilang begini soal fenomena akibat kenaikan harga BBM   IrjenDedi  ,netral
63,"https://t.co/fcsb2vO5oW kembali live aksi menolak kenaikan harga BBM, adik2 mahasiswa yang masih bertahan di kawasan patung kuda Jakarta. https://t.co/EPP3SaMVsa",  kembali live aksi menolak kenaikan harga BBM  adik  mahasiswa yang masih bertahan di kawasan patung kuda Jakarta   ,negatif
64,"@bikhaspurna @Paltiwest @jokowi Mayoritas rakyat mana yg menerima? Rakyat buzzer2 peliharaaan istana? Rakyat berhak mempertanyakan kebijakan yg di nilai arogan. Contohnya kenaikan BBM yg di anggap kebijakan paling arogan pemerintah saat ini, dimna trend m",      Mayoritas rakyat mana yg menerima  Rakyat buzzer  peliharaaan istana  Rakyat berhak mempertanyakan kebijakan yg di nilai arogan  Contohnya kenaikan BBM yg di anggap kebijakan paling arogan pemerintah saat ini  dimna trend m,negatif
65,"Bjorka Memaksa Perhatian Publik Terbelah, Tidak Lagi Dominan Sambo dan Kenaikan BBM
https://t.co/3uMSbOMTiY",Bjorka Memaksa Perhatian Publik Terbelah  Tidak Lagi Dominan Sambo dan Kenaikan BBM  ,netral
66,"""Menolak kebijakan pemerintah menaikkan harga BBM karena berdampak secara signifikan thd berbagai sektor kehidupan krusial masyarakat"" kata Aliansi UI Menolak Kenaikan BBM dlm keterangan tertulis yg disampaikan Ketua BEM UI Bayu Satria Utomo (13/9/2022)
https://t.co/Z8yWdIMcoO", Menolak kebijakan pemerintah menaikkan harga BBM karena berdampak secara signifikan thd berbagai sektor kehidupan krusial masyarakat  kata Aliansi UI Menolak Kenaikan BBM dlm keterangan tertulis yg disampaikan Ketua BEM UI Bayu Satria Utomo          ,netral
67,"@YogaswaraWahyu @Paltiwest @jokowi Buktinya yg demo berapa  sih, yg diam cukup bersuara di medsos berjuta juta bung,  kenaikan BBM dan harga barang saat ini bukan cuma terjadi di negara kita, santai saja sekali kita masih mau iktiar bekerja insya Allah se",      Buktinya yg demo berapa  sih  yg diam cukup bersuara di medsos berjuta juta bung   kenaikan BBM dan harga barang saat ini bukan cuma terjadi di negara kita  santai saja sekali kita masih mau iktiar bekerja insya Allah se,netral
68,"Massa yang mengatasnamakan dirinya Aliansi Rakyat Surabaya (ARAS) yang merupakan gabungan dari BEM se-Surabaya dan organisasi lain menggelar aksi unjuk rasa di depan Gedung Grahadi Surabaya menolak kenaikan BBM, Rabu (14/9) siang. (Rec)
#ElshintaNewsAndTalk https://t.co/sHQ2BdwnZ4",Massa yang mengatasnamakan dirinya Aliansi Rakyat Surabaya  ARAS  yang merupakan gabungan dari BEM se Surabaya dan organisasi lain menggelar aksi unjuk rasa di depan Gedung Grahadi Surabaya menolak kenaikan BBM  Rabu       siang   Rec   ElshintaNewsAndTalk  ,negatif
69,"Tarif Bus AKAP Melambung Tinggi, Kapitalisasi Fasilitas SDA Sengsarakan Rakyat  | Serba-serbi MMC

Kenaikan BBM jenis Pertalite, Solar, dan Pertamax akhirnya mengerek tarif dasar angkutan Antar Kota Antar Provinsi (AKAP), naik 33 persen. 

https://t.co/0Ch4RqyKfH https://t.co/2HSA0KOKRm",Tarif Bus AKAP Melambung Tinggi  Kapitalisasi Fasilitas SDA Sengsarakan Rakyat    Serba serbi MMC  Kenaikan BBM jenis Pertalite  Solar  dan Pertamax akhirnya mengerek tarif dasar angkutan Antar Kota Antar Provinsi  AKAP   naik   persen       ,positif
70,"Aksi unjuk rasa menolak kenaikan BBM di kawasan Patung Kuda, Jakarta Pusat oleh massa mahasiswa yang mencoba untuk menerobos kawat berduri, Selasa (13/9) sore. ???Asb https://t.co/f2ym6Szotl",Aksi unjuk rasa menolak kenaikan BBM di kawasan Patung Kuda  Jakarta Pusat oleh massa mahasiswa yang mencoba untuk menerobos kawat berduri  Selasa       sore     Asb  ,negatif
71,"Aksi Demo Ojol Banten, Menolak Kenaikan Harga BBM, 12.09.2022 ?????? https://t.co/3KpjIUnCR6",Aksi Demo Ojol Banten  Menolak Kenaikan Harga BBM                ,negatif
72,"#BBMMeroketJokowiTurun 
#BBMMeroketJokowiTurun 
@Syam42933824
@PAS0PATl5151_
@freestranger24
@ArbyZakey3
@AtnoSepta
@NegeriJajahan3l
@omo_sugema6
@karyawantree
@Berliannew
@sampalle
@la1laha1llallah
@SimpatisanFPI__
1
SMKIN MUNCAK JK TK DSIKAPI DGN BIJAK?
https://t.co/QlQTH905Ae https://t.co/pSaQQFeKjG", BBMMeroketJokowiTurun   BBMMeroketJokowiTurun                            SMKIN MUNCAK JK TK DSIKAPI DGN BIJAK     ,netral
73,"@BarlahW @panca66 Tolak kenaikan BBM, Tuan Putri Puan kembali matikan microfon. ???? https://t.co/m34yl5W0u7",    Tolak kenaikan BBM  Tuan Putri Puan kembali matikan microfon        ,negatif
74,"Tolak Kenaikan Harga BBM ???????
(Gedung DPRD Lamongan Jawa Timur 12/Sept/2022) https://t.co/7YN7s0skGw",Tolak Kenaikan Harga BBM          Gedung DPRD Lamongan Jawa Timur   Sept     ,negatif
75,"[AKSI TOLAK KENAIKAN HARGA BBM]
??Selasa, 13 September 2022. https://t.co/87I8hudxTw", AKSI TOLAK KENAIKAN HARGA BBM    Selasa    September     ,negatif
76,"Soal penolakan kenaikan harga Bahan Bakar Minyak (BBM).
Kepala @KSPgoid @Dr_Moeldoko
mengapresiasi pengunjuk rasa yang menyampaikan aspirasinya soal penyesuaian harga BBM dengan tertib sehingga situasi demonstrasi tetap kondusif.

#PenjagaNKRI https://t.co/DDWYNprFWg",Soal penolakan kenaikan harga Bahan Bakar Minyak  BBM   Kepala     mengapresiasi pengunjuk rasa yang menyampaikan aspirasinya soal penyesuaian harga BBM dengan tertib sehingga situasi demonstrasi tetap kondusif    PenjagaNKRI  ,netral
77,"Saling dorong dg Aparat, massa aksi Tolak Kenaikan BBM mencoba masuk ke kantor DPRD Bojonegoro, Jawa Timur.. ??????? (13/Sept/2022) https://t.co/aIvu5IPaah",Saling dorong dg Aparat  massa aksi Tolak Kenaikan BBM mencoba masuk ke kantor DPRD Bojonegoro  Jawa Timur              Sept     ,negatif
78,"Demo Mahasiswa Universitas Boyolali Sikapi Kenaikan Harga BBM, Bawa Poster hingga Sampaikan Tuntutan
 
https://t.co/FEG0LNqbof lewat @Tribun_Solo",Demo Mahasiswa Universitas Boyolali Sikapi Kenaikan Harga BBM  Bawa Poster hingga Sampaikan Tuntutan     lewat  ,negatif
79,"https://t.co/VUaIpMN6UR

Hidup mahasiswa! Walaupun aksi kalian tdk diliput tv nasional, tp percayalah, kalian membawa aspirasi rakyat kecil sesungguhnya. Salam perubahan!",   Hidup mahasiswa  Walaupun aksi kalian tdk diliput tv nasional  tp percayalah  kalian membawa aspirasi rakyat kecil sesungguhnya  Salam perubahan ,negatif
80,"Pada hari Rabu, 14 September 2022Mahasiswa Universitas Boyolali menggelar aksi demonstrasi di depan Gedung DPRD Kabupaten Boyolali untuk menolak kebijakan kenaikan harga BBM bersubsidi

#BBMNaikRakyatRevolusi 
#BBM https://t.co/CFjiYF3oV2",Pada hari Rabu    September  Mahasiswa Universitas Boyolali menggelar aksi demonstrasi di depan Gedung DPRD Kabupaten Boyolali untuk menolak kebijakan kenaikan harga BBM bersubsidi   BBMNaikRakyatRevolusi   BBM  ,negatif
81,"Aliansi Ummat Islam Sumedang ""Tolak Kenaikan Harga BBM"" di depan kantor DPRD Sumedang.. Kemarin..
(13/Sept/2022) https://t.co/iAVOjECh77",Aliansi Ummat Islam Sumedang  Tolak Kenaikan Harga BBM  di depan kantor DPRD Sumedang   Kemarin      Sept     ,negatif
82,"Tokoh masyarakat sekaligus Jawara Bekasi, Bang Damin Sada. 
""Dari 10 partai hanya PKS yang tolak kenaikan BBM bersubsidi"".
Yuk dukung perjuangan PKS untuk #TolakKenaikanHargaBBM
#BatalkanKenaikanBBM 

@PKSejahtera 
@pksjabar 
@PKSBekasi 
@pkstarumajaya 
@pakmul63 
@UryanRiana https://t.co/ST82cwCkcA",Tokoh masyarakat sekaligus Jawara Bekasi  Bang Damin Sada    Dari   partai hanya PKS yang tolak kenaikan BBM bersubsidi   Yuk dukung perjuangan PKS untuk  TolakKenaikanHargaBBM  BatalkanKenaikanBBM                     ,netral
83,"Rekomendasi floral skirt ??
??https://t.co/kkmkR0Lvce

Minggu pagii eriska scorpio PARK JISUNG THANK YOU happy chuseok batalkan kenaikan bbm #QueenElizabeth #BigMouth #BigMouthEp13 #Shopee99 #zonajajan https://t.co/set49RTH30",Rekomendasi floral skirt         Minggu pagii eriska scorpio PARK JISUNG THANK YOU happy chuseok batalkan kenaikan bbm  QueenElizabeth  BigMouth  BigMouthEp   Shopee   zonajajan  ,netral
84,"#BBMNaikRakyatRevolusi
element masyarakat menolak kenaikan harga BBM di indonesia.. semoga bsk harga bbm turun harga yaa ?????? 
Harus haris haruusss !!!! https://t.co/sFCBCr7CPx", BBMNaikRakyatRevolusi element masyarakat menolak kenaikan harga BBM di indonesia   semoga bsk harga bbm turun harga yaa         Harus haris haruusss       ,negatif
85,Massa mendesak Pemprov dan DPRD DKI untuk menolak kenaikan harga BBM. Massa merusak pagar Balai Kota DKI Jakarta. https://t.co/YGtcWRf4ON,Massa mendesak Pemprov dan DPRD DKI untuk menolak kenaikan harga BBM  Massa merusak pagar Balai Kota DKI Jakarta   ,negatif
86,"Untuk mengantisipasi dampak kenaikan harga BBM subsidi, Dinas DKP memberikan rekomendasi bagi nelayan #BBM https://t.co/X38XlPNw90",Untuk mengantisipasi dampak kenaikan harga BBM subsidi  Dinas DKP memberikan rekomendasi bagi nelayan  BBM  ,positif
87,"Kenaikan harga BBM nyatanya tak menyelesaikan persoalan ??

Justru menambah beban masyarakat yg bisa melemahkan perekonomian nasional ??

Bebann kenaikan harga BBM pun tak main-main ??
-
Rabu Sarapan #BBMNaikRakyatRevolusi ??
-
* Effendi Simbolon BuzzeRp Ning Imaz Bjorka Islam * https://t.co/gguBGHKzKa",Kenaikan harga BBM nyatanya tak menyelesaikan persoalan     Justru menambah beban masyarakat yg bisa melemahkan perekonomian nasional     Bebann kenaikan harga BBM pun tak main main      Rabu Sarapan  BBMNaikRakyatRevolusi        Effendi Simbolon BuzzeRp Ning Imaz Bjorka Islam    ,negatif
88,"Panjang umur perjuangan?

LANJUT, Aliansi Mahasiswa &amp; Buruh serta Masyarakat Bersatu Tolak Kenaikan Harga BBM di sekitar Bundaran Patung Kuda, Jakarta 13/09/2022

Jangan ada yg cari banser di barisan ini ya??

Disini hanya ada RAKYAT yg berjuang menentukan nasib bangsa ini?? https://t.co/k9wceFPwks",Panjang umur perjuangan   LANJUT  Aliansi Mahasiswa  amp  Buruh serta Masyarakat Bersatu Tolak Kenaikan Harga BBM di sekitar Bundaran Patung Kuda  Jakarta        Jangan ada yg cari banser di barisan ini ya    Disini hanya ada RAKYAT yg berjuang menentukan nasib bangsa ini    ,negatif
89,"“Putri Candrawathi tidak ditahan, itu sebagai bukti Sambo melawan”

Bahkan kenaikan BBM dan Bjorka pun dijadikan bahan untuk menutup kasus Sambo, ngeuri jg Sambo ini !! https://t.co/XWvBLfiaEb", Putri Candrawathi tidak ditahan  itu sebagai bukti Sambo melawan   Bahkan kenaikan BBM dan Bjorka pun dijadikan bahan untuk menutup kasus Sambo  ngeuri jg Sambo ini     ,netral
90,"Kenaikan BBM mempengaruhi semua golongan masyarakat Indonesia 

Pada demonstrasi kenaikan BBM ini, Polri bertekad akan menghadapinya dengan aksi simpatik dan humanis, sedapat mungkin mengedepankan persuasif dan tidak melakukan kekerasan terhadap peserta Demonstrasi https://t.co/YdePBqTWmy",Kenaikan BBM mempengaruhi semua golongan masyarakat Indonesia   Pada demonstrasi kenaikan BBM ini  Polri bertekad akan menghadapinya dengan aksi simpatik dan humanis  sedapat mungkin mengedepankan persuasif dan tidak melakukan kekerasan terhadap peserta Demonstrasi  ,negatif
91,"PASCA KENAIKAN HARGA BBM, POLSEK BALEENDAH POLRESTA BANDUNG BAKSOS SEMBAKO BERSAMA MAHASISWA UNIBA

Baleendah - Pasca kenaikan harga BBM, Polsek Baleendah Polresta Bandung melaksanakan bakti sosial (baksos).

Baksos ini dengan membagi-bagikan paket sembako kepada masyarakat yang https://t.co/8DJYcxaUEh",PASCA KENAIKAN HARGA BBM  POLSEK BALEENDAH POLRESTA BANDUNG BAKSOS SEMBAKO BERSAMA MAHASISWA UNIBA  Baleendah   Pasca kenaikan harga BBM  Polsek Baleendah Polresta Bandung melaksanakan bakti sosial  baksos    Baksos ini dengan membagi bagikan paket sembako kepada masyarakat yang  ,positif
92,"Dari Sleman, PKS Tuntut Batalkan Kenaikan Harga BBM Bersubsidi

“Aksi ini merupakan ungkapan jeritan masyarakat atas kebijakan pemerintah menaikkan harga BBM,” ~ Yani Fathu Rahman

#AksiTolakBBMNaik

https://t.co/axDXFZKfRo",Dari Sleman  PKS Tuntut Batalkan Kenaikan Harga BBM Bersubsidi   Aksi ini merupakan ungkapan jeritan masyarakat atas kebijakan pemerintah menaikkan harga BBM     Yani Fathu Rahman   AksiTolakBBMNaik   ,netral
93,"Dewan Pimpinan Cabang Serikat Pekerja Rumpun Melayu Industri Indonesia (DPC SPRMII) Kota Dumai menolak kenaikan BBM.

#BBMNaikRakyatRevolusi https://t.co/yrBQ5CapPH",Dewan Pimpinan Cabang Serikat Pekerja Rumpun Melayu Industri Indonesia  DPC SPRMII  Kota Dumai menolak kenaikan BBM    BBMNaikRakyatRevolusi  ,negatif
94,"Massa yang menggelar demonstrasi menolak kenaikan harga BBM di kawasan Patung Kuda, Jakarta Pusat, masih bertahan. Massa tampak menyalakan flare di lokasi. https://t.co/mLlL3mCF9F",Massa yang menggelar demonstrasi menolak kenaikan harga BBM di kawasan Patung Kuda  Jakarta Pusat  masih bertahan  Massa tampak menyalakan flare di lokasi   ,negatif
95,@yusuf_dumdum Ini lah penyusup yg disuruh cuap cuap oleh bezzer Rp agar dapat bahan untuk memberitakan bahwa demo yg menolak kenaikan BBM kekerangan logistik trik khas para buzzer Rp unt mengkonter demo penolak kenaikan BBM,  Ini lah penyusup yg disuruh cuap cuap oleh bezzer Rp agar dapat bahan untuk memberitakan bahwa demo yg menolak kenaikan BBM kekerangan logistik trik khas para buzzer Rp unt mengkonter demo penolak kenaikan BBM,negatif
96,"Menteri BUMN rencanakan naikkan gaji karyawan BUMN.
HEBAT !!!
Duitnya dari hasil naiknya BBM?
#BBMMeroketJokowiTurun
#BBMMeroketJokowiTurun

 https://t.co/F5jGOthi2G",Menteri BUMN rencanakan naikkan gaji karyawan BUMN  HEBAT     Duitnya dari hasil naiknya BBM   BBMMeroketJokowiTurun  BBMMeroketJokowiTurun    ,netral
97,Salam Djoeang kepada Mahasiswa/i yg sedang demo kenaikan harga BBM https://t.co/xAECBcVrQw,Salam Djoeang kepada Mahasiswa i yg sedang demo kenaikan harga BBM  ,negatif
98,"Selain memperpanjang masa pencairan bonus direksi. Ada kenaikan upah karyawan BUMN. Kebijakan ini dilakukan menyusul adanya kenaikan harga BBM. Kebijakan terakhir, memasukan sejumlah nama eks direksi BUMN dalam daftar hitam 

#BangkitBersamaET 
@erickthohir https://t.co/sOBUYaOenU",Selain memperpanjang masa pencairan bonus direksi  Ada kenaikan upah karyawan BUMN  Kebijakan ini dilakukan menyusul adanya kenaikan harga BBM  Kebijakan terakhir  memasukan sejumlah nama eks direksi BUMN dalam daftar hitam    BangkitBersamaET     ,negatif
99,"Situasi Aksi Demonstrasi menolak kenaikan harga BBM di Kawasan Patung Kuda, dekat Tugu Monas. Massa Demonstran masih bertahan hingga pukul 20.00 WIB. 
#breakingnews #aktualcom #tolakkenaikanbbm  
#BBMNaikRakyatRevolusi https://t.co/0ZDW0m7Qm1",Situasi Aksi Demonstrasi menolak kenaikan harga BBM di Kawasan Patung Kuda  dekat Tugu Monas  Massa Demonstran masih bertahan hingga pukul     WIB    breakingnews  aktualcom  tolakkenaikanbbm    BBMNaikRakyatRevolusi  ,negatif
100,"Demo Tolak Kenaikan BBM, Mahasiswa Sempat Duduki Gedung DPRD Kaltim https://t.co/5iGZCivYLU",Demo Tolak Kenaikan BBM  Mahasiswa Sempat Duduki Gedung DPRD Kaltim  ,negatif
101,"""Ya Allah, berilah kepada Kami rasa takut yang menghalangi Kami (mendekati) kemaksiatan kepadamu …"" (HR. Abu Dawud)   
Kenaikan BBM Menzalimi Rakyat   .?. #l40kd", Ya Allah  berilah kepada Kami rasa takut yang menghalangi Kami  mendekati  kemaksiatan kepadamu     HR  Abu Dawud     Kenaikan BBM Menzalimi Rakyat        l kd,positif
102,?? LIVE: Aksi Demonstrasi Menolak Kenaikan BBM di Depan Balai Kota DKI Jakarta Terjadi Kericuhan.?? https://t.co/KQa8fk6HfF,   LIVE  Aksi Demonstrasi Menolak Kenaikan BBM di Depan Balai Kota DKI Jakarta Terjadi Kericuhan     ,negatif
103,Apakah kamu sahabat orang bahagia itu ? :) . .   Kenaikan BBM Menzalimi Rakyat   .?. #YWEsp https://t.co/sPfvrEBEdz,Apakah kamu sahabat orang bahagia itu            Kenaikan BBM Menzalimi Rakyat        YWEsp  ,negatif
104,"Pemerintah juga menerima aspirasi seluruh masyarakat, termasuk soal penolakan kenaikan harga bahan bakar minyak (BBM) . 
#PenjagaNKRI 
@Dr_Moeldoko @KSPgoid 
@jokowi Salam Santun ?? https://t.co/r0sIWRSeT9",Pemerintah juga menerima aspirasi seluruh masyarakat  termasuk soal penolakan kenaikan harga bahan bakar minyak  BBM      PenjagaNKRI         Salam Santun     ,positif
105,"[PRESIDEN PKS MENYAPA NTT]

Presiden PKS, H. Ahmad Syaikhu, menyapa masyarakat pesisir di Pulau Messah, Suku Bajo.

Dalam kesempatan ini pula, 
Presiden PKS berdiskusi dengan sejumlah warga terkait isu-isu terkini, khususnya respons masyarakat terhadap kenaikan harga BBM. https://t.co/fdYYu64N8l", PRESIDEN PKS MENYAPA NTT   Presiden PKS  H  Ahmad Syaikhu  menyapa masyarakat pesisir di Pulau Messah  Suku Bajo   Dalam kesempatan ini pula   Presiden PKS berdiskusi dengan sejumlah warga terkait isu isu terkini  khususnya respons masyarakat terhadap kenaikan harga BBM   ,netral
106,"@budimandjatmiko Ktnya lg fokus ngurus pertanian mas, tp msh care mslh ""remeh"" pdhl kenaikan hrg bbm ini a/ isu nasional, ada yg nolak bhkn sampe nangis bombay demi pencitraan, ad jg yg dkung spy terlihat gagah di medsos ????",  Ktnya lg fokus ngurus pertanian mas  tp msh care mslh  remeh  pdhl kenaikan hrg bbm ini a  isu nasional  ada yg nolak bhkn sampe nangis bombay demi pencitraan  ad jg yg dkung spy terlihat gagah di medsos     ,netral
107,"Aksi Penolakan Kenaikan Harga BBM, Bogor yang Sejuk, Kini Memanas! | MMC News 

Rabu kemarin, 7 September 2022 masyarakat menggelar aksi di depan gedung DPRD Kota Bogor. Apa saja yang menjadi tuntutan mereka? Mari kita simak liputan eksklusif berikut ini!

https://t.co/RjigWRM8mO https://t.co/3HPCIvWmpE",Aksi Penolakan Kenaikan Harga BBM  Bogor yang Sejuk  Kini Memanas    MMC News   Rabu kemarin    September   masyarakat menggelar aksi di depan gedung DPRD Kota Bogor  Apa saja yang menjadi tuntutan mereka  Mari kita simak liputan eksklusif berikut ini      ,negatif
108,"Aceh 12 September 2022

Lihatlah kebrutalan aparat kepolisian menembak kearah mahasiswa dan satu mahasiswa terjatuh, mahasiswa hanya ingin masuk ke kantor DPRD untuk berdiskusi soal tolak kenaikan harga BBM, tugas polisi cukup mengawal bukan menembak dan memukul https://t.co/EyocZOzG8d",Aceh   September    Lihatlah kebrutalan aparat kepolisian menembak kearah mahasiswa dan satu mahasiswa terjatuh  mahasiswa hanya ingin masuk ke kantor DPRD untuk berdiskusi soal tolak kenaikan harga BBM  tugas polisi cukup mengawal bukan menembak dan memukul  ,negatif
109,Nama Puan Maharani dibawa-bawa massa pendemo tolak kenaikan harga BBM. Massa menyindir sikap Puan lantaran pernah menangis tolak harga BBM naik pada era SBY. https://t.co/Z768hev6Hk,Nama Puan Maharani dibawa bawa massa pendemo tolak kenaikan harga BBM  Massa menyindir sikap Puan lantaran pernah menangis tolak harga BBM naik pada era SBY   ,negatif
110,"Pasca kenaikan harga bahan bakar minyak (BBM), pemerintah mengalihkan subsidi BBM agar subsidi yang diberikan tepat sasaran. 

-utas-
#InfoPengawasan https://t.co/57ocFBJul8",Pasca kenaikan harga bahan bakar minyak  BBM   pemerintah mengalihkan subsidi BBM agar subsidi yang diberikan tepat sasaran     utas   InfoPengawasan  ,positif
111,Tolak Kenaikan Harga BBM dari Aliansi Buruh di depan Kantor Pemerintah kota Bekasi.. (14/Sept/2022) https://t.co/OPkMdFmSg2,Tolak Kenaikan Harga BBM dari Aliansi Buruh di depan Kantor Pemerintah kota Bekasi      Sept     ,negatif
112,Massa Demo Kenaikan BBM di Balai Kota DKI Bubarkan Diri https://t.co/ej1f3gKkRP,Massa Demo Kenaikan BBM di Balai Kota DKI Bubarkan Diri  ,negatif
113,"Menyampaikan aspirasi merupakan hak warga negara yang dilindungi oleh peraturan perundang-undangan. Namun demikian kegiatan tersebut haruslah dilakukan dengan tertib dan tidak mengganggu aktivitas masyarakat lainnya.

Selengkapnya baca di:
https://t.co/xbuyWTglwU https://t.co/R0qGbnBXn4",Menyampaikan aspirasi merupakan hak warga negara yang dilindungi oleh peraturan perundang undangan  Namun demikian kegiatan tersebut haruslah dilakukan dengan tertib dan tidak mengganggu aktivitas masyarakat lainnya   Selengkapnya baca di     ,netral
114,"Kelompok petani menjadi salah satu konsen Gubernur Jawa Tengah @ganjarpranowo terkait pemberian bantuan atau subsidi dampak kenaikan harga BBM. Bahkan, pak Ganjar telah menyiapkan skema insentif untuk petani.

https://t.co/4UMMFJ3Dzf https://t.co/QUCa3XiUKk",Kelompok petani menjadi salah satu konsen Gubernur Jawa Tengah   terkait pemberian bantuan atau subsidi dampak kenaikan harga BBM  Bahkan  pak Ganjar telah menyiapkan skema insentif untuk petani      ,positif
115,"Aliansi BEM SI, buruh,pelajar 

Kobarkan api perlawanan , tolak kenaikan harga BBM 

13 sept 2022

Panjang umur perjuangan ? https://t.co/Ya1zDF04zT",Aliansi BEM SI  buruh pelajar   Kobarkan api perlawanan   tolak kenaikan harga BBM     sept    Panjang umur perjuangan    ,negatif
116,"Dampak Harga BBM Naik, Pendapatan Driver Ojol di Bojonegoro Turun.

Bojonegoro (https://t.co/ksziGGp1k3) – Dampak adanya kenaikan harga Bahan Bakar Minyak (BBM) subsidi, pendapatan driver ojek… https://t.co/veRdIntFZe #PolitikPemerintahan #bbmnaik #Bojonegoro #hargabbmnaik",Dampak Harga BBM Naik  Pendapatan Driver Ojol di Bojonegoro Turun   Bojonegoro      Dampak adanya kenaikan harga Bahan Bakar Minyak  BBM  subsidi  pendapatan driver ojek     PolitikPemerintahan  bbmnaik  Bojonegoro  hargabbmnaik,negatif
117,"Indonesia 12 September 2022

Demo tolak kenaikan harga bbm masif di seluruh Indonesia ulama, mahasiswa, buruh, ojol dan masyarakat bersatu padu https://t.co/4qQNZDi26E",Indonesia   September    Demo tolak kenaikan harga bbm masif di seluruh Indonesia ulama  mahasiswa  buruh  ojol dan masyarakat bersatu padu  ,negatif
118,"Wahhh speechless sih. Apa yang dia bilang gak salah, itu emang bentuk ketimpangan. Tapi dari cara bicara, pemilihan kata dan gesture nya tuh seakan2 ngerendahin masyarakat yang sekarang lagi berjuang biar bisa tetep hidup di tengah kenaikan bbm ini. Sedih bgt jujur??",Wahhh speechless sih  Apa yang dia bilang gak salah  itu emang bentuk ketimpangan  Tapi dari cara bicara  pemilihan kata dan gesture nya tuh seakan  ngerendahin masyarakat yang sekarang lagi berjuang biar bisa tetep hidup di tengah kenaikan bbm ini  Sedih bgt jujur  ,netral
119,Mahasiswa: Jangan jadi Dewan Perwakilan Rakyat Dungu https://t.co/B6S0Z9blxJ,Mahasiswa  Jangan jadi Dewan Perwakilan Rakyat Dungu  ,negatif
120,"Menteri BUMN Erick Thohir dorong pengadaan bus listrik untuk jaga kelestarian lingkungan. 
Kendaraan listrik itu 0 emisi, bersih, ga pakai BBM, ga ngaruh dgn kenaikan BBM, ngecas baterai full klu sepeda motor Rp2800 bisa jalan 50km, klu mobil Rp50rb jalan 350km
#BangkitBersamaET https://t.co/eiwRUwoUff",Menteri BUMN Erick Thohir dorong pengadaan bus listrik untuk jaga kelestarian lingkungan   Kendaraan listrik itu   emisi  bersih  ga pakai BBM  ga ngaruh dgn kenaikan BBM  ngecas baterai full klu sepeda motor Rp  bisa jalan  km  klu mobil Rp rb jalan  km  BangkitBersamaET  ,netral
121,"OJOL MEDAN KEREN ????????!
Salah satu tuntutan penolakan kenaikan BBM...

AKSI DEMO PENOLAKAN KENAIKAN BBM OJOL DI MEDAN 13 SEPTEMBER 2022

#BatalkanKenaikanBBM https://t.co/zvZC2s3qkd",OJOL MEDAN KEREN           Salah satu tuntutan penolakan kenaikan BBM     AKSI DEMO PENOLAKAN KENAIKAN BBM OJOL DI MEDAN   SEPTEMBER     BatalkanKenaikanBBM  ,negatif
122,"Sejumlah tokoh masyarakat dan cendekiawan mendukung kebijakan Presiden @jokowi yang menaikkan harga bahan bakar minyak (BBM) bersubsidi. 

https://t.co/O3wjLI5Ouf https://t.co/wyxwDU7DUN",Sejumlah tokoh masyarakat dan cendekiawan mendukung kebijakan Presiden   yang menaikkan harga bahan bakar minyak  BBM  bersubsidi       ,netral
123,"Kebijakan kenaikan harga BBM adalah wujud pragmatisme hakiki yang membuat rakyat makin ""lelah hayati"".

#Opini #BBMNaik #BansosBBM

https://t.co/tl5Spd0GkE",Kebijakan kenaikan harga BBM adalah wujud pragmatisme hakiki yang membuat rakyat makin  lelah hayati     Opini  BBMNaik  BansosBBM   ,negatif
124,"#BansosBBM 

Dampak kenaikan harga BBM tidak sesederhana yang dibayangkan. Bansos ibarat hanya mampir sebentar di dompet rakyat untuk selanjutnya segera digunakan untuk transaksi ekonomi demi menyambung episode hidup yang selanjutnya.", BansosBBM   Dampak kenaikan harga BBM tidak sesederhana yang dibayangkan  Bansos ibarat hanya mampir sebentar di dompet rakyat untuk selanjutnya segera digunakan untuk transaksi ekonomi demi menyambung episode hidup yang selanjutnya ,positif
125,"Polisi: Hari Ini Dua Kelompok Mahasiswa Bakal Gelar Aksi Demo Tolak Kenaikan Harga BBM Bersubsidi
https://t.co/fSLGgmtGKv",Polisi  Hari Ini Dua Kelompok Mahasiswa Bakal Gelar Aksi Demo Tolak Kenaikan Harga BBM Bersubsidi  ,negatif
126,"Protes Kenaikan BBM, Ribuan Mahasiswa Babel Aksi Long March https://t.co/U6tnY3vw53",Protes Kenaikan BBM  Ribuan Mahasiswa Babel Aksi Long March  ,negatif
127,"Massa demo tolak kenaikan harga BBM dari kalangan mahasiswa dan buruh masih bertahan di Patung Kuda, Jakpus. Aksi demo dari massa tersebut kini makin memanas. https://t.co/8lJdBEVjTH",Massa demo tolak kenaikan harga BBM dari kalangan mahasiswa dan buruh masih bertahan di Patung Kuda  Jakpus  Aksi demo dari massa tersebut kini makin memanas   ,negatif
128,Massa PMII Jakarta Timur mulai meninggalkan kawasan Balai Kota DKI Jakarta sekitar pukul 17.52 WIB. https://t.co/vjScuY8nc0,Massa PMII Jakarta Timur mulai meninggalkan kawasan Balai Kota DKI Jakarta sekitar pukul     WIB   ,negatif
129,"Kepala Staf Kepresidenan Moeldoko mengklaim bahwa kenaikan harga Bahan Bakar Minyak (BBM) adalah sesuatu yang biasa terjadi dengan situasi saat ini.
#Moeldoko
#BBMNaik

https://t.co/G5QgC9z3T3 https://t.co/OG5k6bqBFK",Kepala Staf Kepresidenan Moeldoko mengklaim bahwa kenaikan harga Bahan Bakar Minyak  BBM  adalah sesuatu yang biasa terjadi dengan situasi saat ini   Moeldoko  BBMNaik     ,netral
130,"Untuk pertama kalinya setelah dari lama kepingin ikut mendokumentasikan unjuk rasa, akhirnya kemarin Selasa (13/9) kesampean juga.

Berikut sedikit dokumentasi aksi unjuk rasa mahasiswa dan buruh menolak kenaikan BBM di Patung Kuda, Monas.

#Ardivisual https://t.co/J6GbcA6Eh4",Untuk pertama kalinya setelah dari lama kepingin ikut mendokumentasikan unjuk rasa  akhirnya kemarin Selasa       kesampean juga   Berikut sedikit dokumentasi aksi unjuk rasa mahasiswa dan buruh menolak kenaikan BBM di Patung Kuda  Monas    Ardivisual  ,negatif
131,"Hekel karbitan kayaknya, hebohnya doang selangit. 
Media tipi ampe lupa ada berita besar didepan mata yaitu aksi-aksi demonstrasi rakyat menolak kenaikan harga BBM. https://t.co/MDTMprOA18",Hekel karbitan kayaknya  hebohnya doang selangit   Media tipi ampe lupa ada berita besar didepan mata yaitu aksi aksi demonstrasi rakyat menolak kenaikan harga BBM   ,negatif
132,"Berkaitan dengan Dampak kenaikan Harga BBM, kali ini saya kembali menjumpai para pengunjuk rasa yg berasal dari Gabungan Ojek Roda Dua Medan Sekitarnya. Saya sangat memahami besarnya dampak ekonomi yg disebabkan oleh kenaikan harga BBM. InsyaAllah ada win win solution untuk ini https://t.co/oC2XGVGE5R",Berkaitan dengan Dampak kenaikan Harga BBM  kali ini saya kembali menjumpai para pengunjuk rasa yg berasal dari Gabungan Ojek Roda Dua Medan Sekitarnya  Saya sangat memahami besarnya dampak ekonomi yg disebabkan oleh kenaikan harga BBM  InsyaAllah ada win win solution untuk ini  ,negatif
133,"TOLAK kenaikan BBM...pulang DEMO antri di SPBU ngisi bensin.

KADRUUUN KADRUN !! https://t.co/lUsYdHQxMQ",TOLAK kenaikan BBM   pulang DEMO antri di SPBU ngisi bensin   KADRUUUN KADRUN     ,netral
134,"Melihat Eskalasi Demonstrasi yang Semakin Besar, Sepertinya Akan Muncul Sosok Hebat, Luar Biasa, Powerful dan Paling Peduli Rakyat yang Akan Mengumumkan Pembatalan Kenaikan Harga BBM. https://t.co/3LhVc3FEbP",Melihat Eskalasi Demonstrasi yang Semakin Besar  Sepertinya Akan Muncul Sosok Hebat  Luar Biasa  Powerful dan Paling Peduli Rakyat yang Akan Mengumumkan Pembatalan Kenaikan Harga BBM   ,negatif
135,"Tolak Kenaikan Harga BBM, Serikat Buruh Gelar Demo di Balaikota Jakarta: Aksi Serupa Bakal Berlangsung Sebulan Penuh
https://t.co/k8xpUupYMT",Tolak Kenaikan Harga BBM  Serikat Buruh Gelar Demo di Balaikota Jakarta  Aksi Serupa Bakal Berlangsung Sebulan Penuh  ,negatif
136,"Tolak Kenaikan Harga BBM, IMM Sulbar Segel Ruang Paripurna DPRD Sulbar https://t.co/gZKb3wIafJ",Tolak Kenaikan Harga BBM  IMM Sulbar Segel Ruang Paripurna DPRD Sulbar  ,negatif
137,Demo Tolak Kenaikan Harga BBM di Aceh Tengah Berjalan Kondusif https://t.co/1ju4JAe54i,Demo Tolak Kenaikan Harga BBM di Aceh Tengah Berjalan Kondusif  ,negatif
138,"#MensosRisma
#BLT 
#BeritaBandaAceh

""Saya berharap bantuan sosial BLT BBM ini dapat digunakan untuk membantu kenaikan-kenaikan harga yang terjadi. Bukan digunakan untuk beli rokok dan lainnya,"" kata Mensos Risma.
 
https://t.co/JNJqCeSywV", MensosRisma  BLT   BeritaBandaAceh   Saya berharap bantuan sosial BLT BBM ini dapat digunakan untuk membantu kenaikan kenaikan harga yang terjadi  Bukan digunakan untuk beli rokok dan lainnya   kata Mensos Risma     ,positif
139,"sambil menikmati hasil kenaikan BBM bbrp hari ini, penguasa tetap tutup mata &amp; telinga, sekalipun sdh demo dimana²#BBMNaikRakyatRevolusi",sambil menikmati hasil kenaikan BBM bbrp hari ini  penguasa tetap tutup mata  amp  telinga  sekalipun sdh demo dimana  BBMNaikRakyatRevolusi,negatif
140,Mau jadi orang beruntung ? . .   Kenaikan BBM Menzalimi Rakyat   .??????. #rkTpS https://t.co/xoXocGzZus,Mau jadi orang beruntung         Kenaikan BBM Menzalimi Rakyat             rkTpS  ,negatif
141,Para perajin tahu terdampak naiknya harga kacang kedelai dari Rp11.800 per kilogram menjadi Rp13.000 per kilogram akibat dari kenaikan harga bahan bakar minyak (BBM). #kumparanBISNIS https://t.co/MvfR3eUGh0,Para perajin tahu terdampak naiknya harga kacang kedelai dari Rp    per kilogram menjadi Rp    per kilogram akibat dari kenaikan harga bahan bakar minyak  BBM    kumparanBISNIS  ,netral
142,"PASCA KENAIKAN HARGA BBM, POLSEK BALEENDAH POLRESTA BANDUNG BAKSOS SEMBAKO BERSAMA MAHASISWA UNIBA https://t.co/7NoQt737aD",PASCA KENAIKAN HARGA BBM  POLSEK BALEENDAH POLRESTA BANDUNG BAKSOS SEMBAKO BERSAMA MAHASISWA UNIBA  ,positif
143,"Jangan Biarkan Nyala itu Padam ??
Massa pelajar dan mahasiswa bergabung dengan buruh berujuk rasa menolak kenaikan harga BBM di Patung Kuda, Jakarta Pusat, Selasa (13/9) https://t.co/P3IKVqWyQw",Jangan Biarkan Nyala itu Padam    Massa pelajar dan mahasiswa bergabung dengan buruh berujuk rasa menolak kenaikan harga BBM di Patung Kuda  Jakarta Pusat  Selasa        ,negatif
144,"Pemerintah harus jujur, alasan kenaikan BBM karena mengikuti harga minyak dunia sudah tidak relevan.

Mari kita pertegas: 
BATALKAN KENAIKAN BBM ! 
??? ???? https://t.co/RGkwKC1qlI",Pemerintah harus jujur  alasan kenaikan BBM karena mengikuti harga minyak dunia sudah tidak relevan   Mari kita pertegas   BATALKAN KENAIKAN BBM              ,negatif
145,"Kepolisian Resor Trenggalek kembali memberikan pelayanan pengamanan kepada sejumlah elemen masyarakat yang ingin menyuarakan aspirasinya terkait dengan penyesuaian harga BBM, TDL hingga tambang emas di Kabupaten Trenggalek. Rabu, (14/9).

Selengkapnya:

https://t.co/G5rg41NNGw https://t.co/6tqq12ux93",Kepolisian Resor Trenggalek kembali memberikan pelayanan pengamanan kepada sejumlah elemen masyarakat yang ingin menyuarakan aspirasinya terkait dengan penyesuaian harga BBM  TDL hingga tambang emas di Kabupaten Trenggalek  Rabu          Selengkapnya      ,negatif
146,Tahukah kamu? Banyak orang enggan menyuarakan penolakan kenaikan BBM subsidi melalui media sosial karna kuatir dianggap miskin oleh gebetannya.,Tahukah kamu  Banyak orang enggan menyuarakan penolakan kenaikan BBM subsidi melalui media sosial karna kuatir dianggap miskin oleh gebetannya ,netral
147,"Focus Group Discussion bersama Forkopimda Kabupaten Semarang untuk menyikapi kenaikan BBM bertempat di Pendopo Rumah Dinas Bupati Semarang, Rabu (14/09/2022) pagi.
#polressemarang #kenaikanBBM #bbmnaik #poldajateng #polisiindonesia https://t.co/GUV71rivjr",Focus Group Discussion bersama Forkopimda Kabupaten Semarang untuk menyikapi kenaikan BBM bertempat di Pendopo Rumah Dinas Bupati Semarang  Rabu         pagi   polressemarang  kenaikanBBM  bbmnaik  poldajateng  polisiindonesia  ,netral
148,"Rabu 14 September 2022 Badan Eksekutif Mahasiswa dan Dewan Legislatif Mahasiswa Universitas Dr. Soetomo Surabaya turun ke jalan ""Kuliah Di Jalanan"" bertema ""TOLAK KENAIKAN HARGA BBM"".

Ket: gambar/foto2 pertama capture IG BEM Unitomo. 
Sumber: gambar/foto2: IG BEM, DLM, UNITOMO. https://t.co/rl3aP2lLS2",Rabu   September   Badan Eksekutif Mahasiswa dan Dewan Legislatif Mahasiswa Universitas Dr  Soetomo Surabaya turun ke jalan  Kuliah Di Jalanan  bertema  TOLAK KENAIKAN HARGA BBM    Ket  gambar foto  pertama capture IG BEM Unitomo   Sumber  gambar foto   IG BEM  DLM  UNITOMO   ,negatif
149,"Selain BEM Unitomo sebagai pelaksana eksekutif Mahasiswa Unitomo Surabaya, Pengawas eksekutif mahasiswa yakni Dewan Legislatif Mahasiswa/DLM Unitomo Surabaya ikut menyerukan aksi ""Kuliah Di Jalanan"" untuk ""TOLAK KENAIKAN HARGA BBM"". https://t.co/iEHfExjCBq",Selain BEM Unitomo sebagai pelaksana eksekutif Mahasiswa Unitomo Surabaya  Pengawas eksekutif mahasiswa yakni Dewan Legislatif Mahasiswa DLM Unitomo Surabaya ikut menyerukan aksi  Kuliah Di Jalanan  untuk  TOLAK KENAIKAN HARGA BBM    ,negatif
150,"Respon Kenaikan Harga BBM, Kapolsek Muara Pawan Salurkan Bantuan Sosial ke Pedagang dan Sopir Truk https://t.co/f3YU0N7LIh",Respon Kenaikan Harga BBM  Kapolsek Muara Pawan Salurkan Bantuan Sosial ke Pedagang dan Sopir Truk  ,positif
151,"Unitomo melalui Wakil Rektor III memberi sambutan pada peserta aksi seperti terdokumentasi melalui Instagram akun resmi Universitas Dr. Soetomo dan juga ikut memantau aksi ""Kuliah Di Jalanan"" Rabu 14 September 2022 yang bertema ""TOLAK KENAIKAN HARGA BBM"". https://t.co/bqlrjO91P2",Unitomo melalui Wakil Rektor III memberi sambutan pada peserta aksi seperti terdokumentasi melalui Instagram akun resmi Universitas Dr  Soetomo dan juga ikut memantau aksi  Kuliah Di Jalanan  Rabu   September   yang bertema  TOLAK KENAIKAN HARGA BBM    ,negatif
152,"Susuri muara Sungai Silugonggo, Polres Pati Kembali Bagikan 1 Ton Paket Beras Kepada Nelayan Pasca Kenaikan BBM

Tanggap menyikapi situasi tersebut, Polres Pati kembali melaksanakan kegiatan pembagian bantuan sosial (bansos) berupa paket beras sebanyak 1 ton. https://t.co/viqufOV23D",Susuri muara Sungai Silugonggo  Polres Pati Kembali Bagikan   Ton Paket Beras Kepada Nelayan Pasca Kenaikan BBM  Tanggap menyikapi situasi tersebut  Polres Pati kembali melaksanakan kegiatan pembagian bantuan sosial  bansos  berupa paket beras sebanyak   ton   ,positif
153,"@gemiagung @kurawa Impactnya banyak soalnya, bersyukur klo kondisi mas tidak terpengaruh kenaikan, sementara banyak di sisi lain yg gak terlihat sama kita kondisinya terbebani dgn kenaikan BBM ini. Saya sih ga liat partainya, lihat real life aja, menolak ",    Impactnya banyak soalnya  bersyukur klo kondisi mas tidak terpengaruh kenaikan  sementara banyak di sisi lain yg gak terlihat sama kita kondisinya terbebani dgn kenaikan BBM ini  Saya sih ga liat partainya  lihat real life aja  menolak ,netral
154,"Kader PKS bener bener turun Aksi TOLAK KENAIKAN BBM Keren ?? 

Kayaknya kemarin ada 1 Partai lagi yang mau Nurunin KADER nya buat Demo Tolak KENAIKAN BBM tapi belum keliatan batang hidungnya ?????",Kader PKS bener bener turun Aksi TOLAK KENAIKAN BBM Keren      Kayaknya kemarin ada   Partai lagi yang mau Nurunin KADER nya buat Demo Tolak KENAIKAN BBM tapi belum keliatan batang hidungnya      ,negatif
155,"BBM GA TURUN JOKOWI YANG HARUS TURUN..

DEMO TOLAK KENAIKAN BBM MEMBESAR DARI SABANG SAMPAI MERAUKE..,

HARI INI TERJADI DI BANYAK TEMPAT

#BBMMeroketJokowiTurun
#BBMMeroketJokowiTurun
????

https://t.co/MVeyjAwvQ6",BBM GA TURUN JOKOWI YANG HARUS TURUN    DEMO TOLAK KENAIKAN BBM MEMBESAR DARI SABANG SAMPAI MERAUKE     HARI INI TERJADI DI BANYAK TEMPAT   BBMMeroketJokowiTurun  BBMMeroketJokowiTurun        ,negatif
156,"Susuri muara Sungai Silugonggo, Polres Pati Kembali Bagikan 1 Ton Paket Beras Kepada Nelayan Pasca Kenaikan BBM

Tanggap menyikapi situasi tersebut, Polres Pati kembali melaksanakan kegiatan pembagian bantuan sosial (bansos) berupa paket beras sebanyak 1 ton.Pati,Senin(12/9/22). https://t.co/4fWU3Xi5I3",Susuri muara Sungai Silugonggo  Polres Pati Kembali Bagikan   Ton Paket Beras Kepada Nelayan Pasca Kenaikan BBM  Tanggap menyikapi situasi tersebut  Polres Pati kembali melaksanakan kegiatan pembagian bantuan sosial  bansos  berupa paket beras sebanyak   ton Pati Senin          ,positif
157,"Alhamdulillah 
Penyaluran BSU ditarget rampung sebelum akhir tahun, BSU adalah bukti negara hadir membantu warga yang kesulitan terdampak kenaikan harga BBM

@jokowi Gas Pol Pemulihan Ekonomi https://t.co/76CHjiDfGh",Alhamdulillah  Penyaluran BSU ditarget rampung sebelum akhir tahun  BSU adalah bukti negara hadir membantu warga yang kesulitan terdampak kenaikan harga BBM    Gas Pol Pemulihan Ekonomi  ,positif
158,@Masmasbiasaa @pandji Pengalihan isu kenaikan BBM,    Pengalihan isu kenaikan BBM,netral
159,@suharmokos @Nabhilss @CNNIndonesia Tolol BBM bahan bakunya minyak mentah kenaikan BBM dipengaruhi oleh naiknya minyak mentah,      Tolol BBM bahan bakunya minyak mentah kenaikan BBM dipengaruhi oleh naiknya minyak mentah,negatif
160,"Susuri muara Sungai Silugonggo, Polres Pati Kembali Bagikan 1 Ton Paket Beras Kepada Nelayan Pasca Kenaikan BBM.

Kali ini Polres Pati menyasar kepada masyarakat yang berprofesi nelayan tradisional di perairan Juwana, Pati, Senin (12/9/22).

#PolriPresisi
#PoldaJatengHadir https://t.co/CaImAowVuU",Susuri muara Sungai Silugonggo  Polres Pati Kembali Bagikan   Ton Paket Beras Kepada Nelayan Pasca Kenaikan BBM   Kali ini Polres Pati menyasar kepada masyarakat yang berprofesi nelayan tradisional di perairan Juwana  Pati  Senin            PolriPresisi  PoldaJatengHadir  ,positif
161,"PEMOGOKAN kurir SHOPEE EXPRESS semakin MELUAS, setelah di Bekasi, Batam, hari ini di Bogor. Tuntutan mereka sama:

?? Menolak penurunan bayaran, apalagi di tengah kenaikan BBM. Sebelumnya kurir di Bogor dibayar 115k ketika mengirim 35 paket, menjadi hanya dibayar 70k (2k/paket) https://t.co/y0jYzw0d8L",PEMOGOKAN kurir SHOPEE EXPRESS semakin MELUAS  setelah di Bekasi  Batam  hari ini di Bogor  Tuntutan mereka sama      Menolak penurunan bayaran  apalagi di tengah kenaikan BBM  Sebelumnya kurir di Bogor dibayar  k ketika mengirim   paket  menjadi hanya dibayar  k   k paket   ,positif
162,"Adanya bansos ini diharapkan dapat melindungi daya beli masyarakat dari tekanan kenaikan harga BBM 
#BLTBBM
Keadilan Subsidi Untuk Rakyat https://t.co/6pMdDs8umn",Adanya bansos ini diharapkan dapat melindungi daya beli masyarakat dari tekanan kenaikan harga BBM   BLTBBM Keadilan Subsidi Untuk Rakyat  ,positif
163,"@Poldametrojaya_ Ada lho partai dan ormas, bahkan mahasiswa yg katanya pinter, yg tidak ingin Indonesia maju dan rakyatnya sejahtera... makanya partai/ormas tsb menolak kenaikan harga bbm bersubsidi, agar kelompok mrk tetap bisa menikmati subsidi bbm...",  Ada lho partai dan ormas  bahkan mahasiswa yg katanya pinter  yg tidak ingin Indonesia maju dan rakyatnya sejahtera    makanya partai ormas tsb menolak kenaikan harga bbm bersubsidi  agar kelompok mrk tetap bisa menikmati subsidi bbm   ,negatif
164,"@iyoet__1075 Gmpang banget nuduh orang PKI,justru yg nolak kenaikan bbm itu yg PKI ??????",  Gmpang banget nuduh orang PKI justru yg nolak kenaikan bbm itu yg PKI       ,netral
165,"Aliansi Laskar Islam Klaten Tolak Kenaikan Harga BBM di Simpang Tiga Adipura, Klaten.. ??????? (13/Sept/2022) https://t.co/VGi59Ig8gM",Aliansi Laskar Islam Klaten Tolak Kenaikan Harga BBM di Simpang Tiga Adipura  Klaten              Sept     ,negatif
166,"Didemo Ratusan Mahasiswa, DPRD Binjai Tolak Kenaikan BBM https://t.co/0yVwEUIEG3",Didemo Ratusan Mahasiswa  DPRD Binjai Tolak Kenaikan BBM  ,negatif
167,"Indahnya Berbagi
.
Polsek Cirebon Utara Barat dipimpin Kapolsek Cirebon Utara Barat AKP Didi Wahyudi Sunansyah, SH, MH melakukan Bakti Sosial dengan memberikan paket sembako bagi masyarakat terdampak kenaikan BBM. https://t.co/spqbyk00Ts",Indahnya Berbagi   Polsek Cirebon Utara Barat dipimpin Kapolsek Cirebon Utara Barat AKP Didi Wahyudi Sunansyah  SH  MH melakukan Bakti Sosial dengan memberikan paket sembako bagi masyarakat terdampak kenaikan BBM   ,positif
168,"Kasetpres menemui secara langsung massa buruh dari KSPSI yg melakukan unjuk rasa terkait kenaikan harga bahan bakar minyak (BBM) di kawasan Tugu Arjuna Widjaja (Patung Kuda), Jakarta. Kasetpres mengatakan bahwa tuntutan para buruh akan segera ditindaklanjuti. https://t.co/13W53QtbCt",Kasetpres menemui secara langsung massa buruh dari KSPSI yg melakukan unjuk rasa terkait kenaikan harga bahan bakar minyak  BBM  di kawasan Tugu Arjuna Widjaja  Patung Kuda   Jakarta  Kasetpres mengatakan bahwa tuntutan para buruh akan segera ditindaklanjuti   ,negatif
169,"Kerusuhan meletus di Ibu Kota Haiti, Port-au-Prince, akibat demo tolak kenaikan harga BBM. #TempoDunia https://t.co/ipCWx9PSr7",Kerusuhan meletus di Ibu Kota Haiti  Port au Prince  akibat demo tolak kenaikan harga BBM   TempoDunia  ,negatif
170,Sopir MPU Terdampak Kenaikan BBM Dapat Sembako https://t.co/SMJ2TQZHya https://t.co/MWLLE5fjZ7,Sopir MPU Terdampak Kenaikan BBM Dapat Sembako    ,positif
171,Kenaikan harga Bahan Bakar Minyak (BBM) disambut dengan serangkaian aksi demonstrasi di sejumlah wilayah di Indonesia. https://t.co/kDElcrnCyW,Kenaikan harga Bahan Bakar Minyak  BBM  disambut dengan serangkaian aksi demonstrasi di sejumlah wilayah di Indonesia   ,negatif
172,@yo2thok Ternyata penghapusan Listrik 450 W dan mewajibkan listrik 1000W adalah untuk persiapan penghapusan Elpiji dan beralih ke kompor listrik. Sementara beban hidup rakyat makin berat dgn kenaikan BBM. Dasar Rezim Boneka Oligarki,  Ternyata penghapusan Listrik   W dan mewajibkan listrik  W adalah untuk persiapan penghapusan Elpiji dan beralih ke kompor listrik  Sementara beban hidup rakyat makin berat dgn kenaikan BBM  Dasar Rezim Boneka Oligarki,netral
173,"Aksi menolak kenaikan harga BBM di Kota Bandung masih berlanjut. Berbagai elemen masyarakat tergabung dalam aksi kali ini. Mulai dari pelajar, mahasiswa, dan masyarakat umum.",Aksi menolak kenaikan harga BBM di Kota Bandung masih berlanjut  Berbagai elemen masyarakat tergabung dalam aksi kali ini  Mulai dari pelajar  mahasiswa  dan masyarakat umum ,negatif
174,"Andaikata landasan agama cukup dengan akal, niscaya mengusap bawah sepatu lebih utama daripada mengusap ...   Kenaikan BBM Menzalimi Rakyat   .??????. #V8CTf https://t.co/hrxi7i4mCU",Andaikata landasan agama cukup dengan akal  niscaya mengusap bawah sepatu lebih utama daripada mengusap       Kenaikan BBM Menzalimi Rakyat             V CTf  ,negatif
175,"Aksi Tolak Kenaikan BBM 13 September
Bandung Menolak Padam https://t.co/9MNHvBsIUZ",Aksi Tolak Kenaikan BBM   September Bandung Menolak Padam  ,negatif
176,"Demo Tolak Kenaikan Harga BBM, Massa Paksa Masuk ke Balai Kota DKI: Pengurus Cabang Pergerakan Mahasiswa Islam Indonesia (PMII) Jakarta Timur melakukan aksi unjuk rasa di depan Balai Kota DKI Jakarta, Rabu (14/9/2022). https://t.co/hGGroa9O2g",Demo Tolak Kenaikan Harga BBM  Massa Paksa Masuk ke Balai Kota DKI  Pengurus Cabang Pergerakan Mahasiswa Islam Indonesia  PMII  Jakarta Timur melakukan aksi unjuk rasa di depan Balai Kota DKI Jakarta  Rabu           ,negatif
177,Aksi berakhir sebelum malam https://t.co/e6g7zUAwYo,Aksi berakhir sebelum malam  ,negatif
178,@MprAldo Nambah lagi nih beh gak cuma kenaikan BBM. https://t.co/C9OYR8S87n,  Nambah lagi nih beh gak cuma kenaikan BBM   ,netral
179,@Tan_Mar3M @DoankWarto @DoankWarto itu isi kepalanya kosong... Dia tau nggk hukum poligami... dan dia dah nggk efek domino dari kenaikan BBM... Yang mampu saja menolak karena efeknya bukan buat dia tapi buat rakyat... Ini seperti @DoankWarto yang kismin s,      itu isi kepalanya kosong    Dia tau nggk hukum poligami    dan dia dah nggk efek domino dari kenaikan BBM    Yang mampu saja menolak karena efeknya bukan buat dia tapi buat rakyat    Ini seperti   yang kismin s,netral
180,"Hari Ini, Mahasiswa Kembali Demo Tolak Kenaikan Harga BBM di Istana Negara
https://t.co/mCBmMrfUS9",Hari Ini  Mahasiswa Kembali Demo Tolak Kenaikan Harga BBM di Istana Negara  ,negatif
181,Massa mahasiswa yang demo kenaikan harga BBM di depan Grahadi membubarkan diri. Mereka berjanji akan turun lagi pada pekan depan. https://t.co/SItTBeV5DS,Massa mahasiswa yang demo kenaikan harga BBM di depan Grahadi membubarkan diri  Mereka berjanji akan turun lagi pada pekan depan   ,negatif
182,"Demo Tolak Kenaikan BBM Hari Ini, Arus Lalu Lintas Sekitar Istana Dialihkan
https://t.co/693Tc8cRKk",Demo Tolak Kenaikan BBM Hari Ini  Arus Lalu Lintas Sekitar Istana Dialihkan  ,negatif
183,"Ganjar Siapkan Skema Bantuan dan Pendampingan BBM untuk Petani

Dampak kenaikan harga BBM juga dirasakan oleh para petani. Terutama terkait distribusi solar bagi peralatan pertanian. Gubernur Jateng @ganjarpranowo sudah menyiapkan skema insentif yang diberikan kepada para petani. https://t.co/R3zAccvc2g",Ganjar Siapkan Skema Bantuan dan Pendampingan BBM untuk Petani  Dampak kenaikan harga BBM juga dirasakan oleh para petani  Terutama terkait distribusi solar bagi peralatan pertanian  Gubernur Jateng   sudah menyiapkan skema insentif yang diberikan kepada para petani   ,positif
184,"""Kami hari ini, PMII Jakarta Timur datang ke sini (Balai Kota) untuk menyuarakan aspirasi (soal BBM), karena kami di Jakarta, kami melihat memiliki pimpinan,"" kata salah satu orator.

https://t.co/vZFTAoNRr5", Kami hari ini  PMII Jakarta Timur datang ke sini  Balai Kota  untuk menyuarakan aspirasi  soal BBM   karena kami di Jakarta  kami melihat memiliki pimpinan   kata salah satu orator    ,negatif
185,"Kepung Kantor Anies, Massa PMII Desak Pemprov &amp; DPRD DKI Tegas Tolak Kenaikan Harga BBM Subsidi https://t.co/k9ht4DVimb",Kepung Kantor Anies  Massa PMII Desak Pemprov  amp  DPRD DKI Tegas Tolak Kenaikan Harga BBM Subsidi  ,negatif
186,"Sampe lupa sama permasalahan BBM, Tolak Kenaikan BBM #BBMNaikRakyatRevolusi",Sampe lupa sama permasalahan BBM  Tolak Kenaikan BBM  BBMNaikRakyatRevolusi,negatif
187,@Awibowo__ @prastow @DokterTifa Dari dana desa. 40% dana desa memang untuk BLT. Tapi bukan terkait kenaikan BBM. Tapi terkait pandemi. Aturan sudah turun sejak tahun lalu. Melalui PMK dan Perpres. Bukan ujuk* di geser buat kenaikan BBM,      Dari dana desa     dana desa memang untuk BLT  Tapi bukan terkait kenaikan BBM  Tapi terkait pandemi  Aturan sudah turun sejak tahun lalu  Melalui PMK dan Perpres  Bukan ujuk  di geser buat kenaikan BBM,positif
188,"Minat investor pada lelang Surat Utang Negara (SUN) masih tinggi di tengah kenaikan harga BBM dan suku bunga acuan BI. Investor dinilai merespons positif kebijakan kenaikan suku bunga acuan BI dan harga BBM.

@jokowi 

https://t.co/f0iPjN8Cjk https://t.co/jPHpk2nQob",Minat investor pada lelang Surat Utang Negara  SUN  masih tinggi di tengah kenaikan harga BBM dan suku bunga acuan BI  Investor dinilai merespons positif kebijakan kenaikan suku bunga acuan BI dan harga BBM          ,netral
189,"https://t.co/Qib4zNIBiB
Total penerima BSU yang tujuannya membantu pekerja terdampak kenaikan harga bahan bakar minyak (BBM) mencapai 14,6 juta pekerja.
@jokowi gas Pol Pemulihan Ekonomi. https://t.co/sLMiqSKcLr",  Total penerima BSU yang tujuannya membantu pekerja terdampak kenaikan harga bahan bakar minyak  BBM  mencapai     juta pekerja    gas Pol Pemulihan Ekonomi   ,negatif
190,"Setelah kenaikan harga BBM subsidi, dalam 1 bulan terakhir IHSG terlihat tetap stabil dan asing juga terus net buy di saham big banks seperti BBCA, BMRI, BBNI dan BBRI sehingga rally. Kira-kira apa saja katalis positif yang memengaruhi hal tersebut? https://t.co/OkDlk2ODgq",Setelah kenaikan harga BBM subsidi  dalam   bulan terakhir IHSG terlihat tetap stabil dan asing juga terus net buy di saham big banks seperti BBCA  BMRI  BBNI dan BBRI sehingga rally  Kira kira apa saja katalis positif yang memengaruhi hal tersebut   ,netral
191,"@fadlizon @prastow Senjata Makan Tuan! Bantahan Stafsus Menkeu Meleset, Malah Dapat Balasan Menohok dari @fadlizon   Soal Kenaikan Harga BBM, Ini Uraiannya !

https://t.co/pq1WzgGQAn",    Senjata Makan Tuan  Bantahan Stafsus Menkeu Meleset  Malah Dapat Balasan Menohok dari     Soal Kenaikan Harga BBM  Ini Uraiannya     ,netral
192,@TukangNy1ny1r @prastow @DokterTifa Ngarang.. Saya kerja di desa.. Jadi sekdes.. Gak ada pergeseran anggaran terkait kenaikan BBM. Ada anggaran BLT dana desa.. Ini pun terkait pandemi.. Dan aturan sudah di tetapkan dari tahun lalu.. Saat penyusunan anggar,      Ngarang   Saya kerja di desa   Jadi sekdes   Gak ada pergeseran anggaran terkait kenaikan BBM  Ada anggaran BLT dana desa   Ini pun terkait pandemi   Dan aturan sudah di tetapkan dari tahun lalu   Saat penyusunan anggar,positif
193,"Dalam rangka mendukung kebijakan pemerintah akan kenaikan harga bahan bakar minyak (BBM). Polri melakukan berbagai aksi kemanusiaan untuk dapat membantu terhadap masyarakat yang terdampak, salah satunya yang dilaksanakan oleh jajaran Polsek Jatinegara, Jakarta Timur. https://t.co/oC0wZce7VO",Dalam rangka mendukung kebijakan pemerintah akan kenaikan harga bahan bakar minyak  BBM   Polri melakukan berbagai aksi kemanusiaan untuk dapat membantu terhadap masyarakat yang terdampak  salah satunya yang dilaksanakan oleh jajaran Polsek Jatinegara  Jakarta Timur   ,netral
194,"“Dal kok ga ada demo kenaikan bbm ya ?” “Ada kok teh, emg media skrg di bungkam, cuma mantengin sosmed aja” dari pria kepada ibu2 yg pusing mikirin biaya lain, lanjutnya “parah ya, teteh bantu doa aja untuk yg lagi berjuang tapi tak terlihat skrg”", Dal kok ga ada demo kenaikan bbm ya     Ada kok teh  emg media skrg di bungkam  cuma mantengin sosmed aja  dari pria kepada ibu  yg pusing mikirin biaya lain  lanjutnya  parah ya  teteh bantu doa aja untuk yg lagi berjuang tapi tak terlihat skrg ,netral
195,"Susuri muara Sungai Silugonggo, Polres Pati Kembali Bagikan 1 Ton Paket Beras Kepada Nelayan Pasca Kenaikan BBM

 Senin (12/9/22).

#PolriPresisi
#PoldaJatengHadir
#PolresPatiSahabat
#PolresPatiBerbagiKasih https://t.co/iuyfC3fZ5z",Susuri muara Sungai Silugonggo  Polres Pati Kembali Bagikan   Ton Paket Beras Kepada Nelayan Pasca Kenaikan BBM   Senin            PolriPresisi  PoldaJatengHadir  PolresPatiSahabat  PolresPatiBerbagiKasih  ,positif
196,"Tolak Kenaikan Harga BBM ???????
(Gedung DPRD Kalimantan Timur 13/Sept/2022) https://t.co/F41Lq0z1CX",Tolak Kenaikan Harga BBM          Gedung DPRD Kalimantan Timur   Sept     ,negatif
197,"Cekizen!
Berkaitan dengan kenaikan harga BBM, kini ada beberapa mobil yang dilarang untuk menggunakan Pertalite. Lalu, apa mobil yang boleh diisi Pertalite?

https://t.co/xd7M0xr4tO

#cekaja #tokofinansial #pertalite #mobilpertlaite",Cekizen  Berkaitan dengan kenaikan harga BBM  kini ada beberapa mobil yang dilarang untuk menggunakan Pertalite  Lalu  apa mobil yang boleh diisi Pertalite       cekaja  tokofinansial  pertalite  mobilpertlaite,netral
198,"Aliansi Mahasiswa &amp; Buruh Bersatu ""Tolak Kenaikan Harga BBM"" di sekitar Bundaran Patung Kuda, Jakarta.. ??????? (13/Sept/2022) https://t.co/Ttc92GMev7",Aliansi Mahasiswa  amp  Buruh Bersatu  Tolak Kenaikan Harga BBM  di sekitar Bundaran Patung Kuda  Jakarta              Sept     ,negatif
199,"@santos_jrrrr menurutku sudah tepat sasaran, buktinya sebagian besar penolakan kenaikan bbm mampu dibungkam seketika, jadi sudah sesuai dengan latarbelakang adanya BLT BBM.
????",  menurutku sudah tepat sasaran  buktinya sebagian besar penolakan kenaikan bbm mampu dibungkam seketika  jadi sudah sesuai dengan latarbelakang adanya BLT BBM      ,negatif
200,"Hasil pantauan harga Kepokmas oleh Bupati Tegal @umiazizah60 pasca kenaikan BBM bersubsidi di pasar tradisional, Senin (12/09) relatif stabil. Sejumlah komodistas spt telur &amp; minyak goreng curah alami penurunan harga. Sementara cabai &amp; beras sedikit naik.
https://t.co/FLImOmQaf9",Hasil pantauan harga Kepokmas oleh Bupati Tegal   pasca kenaikan BBM bersubsidi di pasar tradisional  Senin       relatif stabil  Sejumlah komodistas spt telur  amp  minyak goreng curah alami penurunan harga  Sementara cabai  amp  beras sedikit naik   ,positif
201,@sirulhaq @DokterTifa @Dinipramudya22 @KPK_RI Ngarang.. Wakakaka.. Saya kerja di desa.. Jadi sekdes.. BLT dana desa bukan di geser saat kenaikan BBM.. Tapi aturan sudah turun mulai peraturan menteri sampai perpres saat tahap penyusunan anggaran tahun lalu,        Ngarang   Wakakaka   Saya kerja di desa   Jadi sekdes   BLT dana desa bukan di geser saat kenaikan BBM   Tapi aturan sudah turun mulai peraturan menteri sampai perpres saat tahap penyusunan anggaran tahun lalu,positif
202,"Ini Cara Pak Ganjar Redam Lonjakan Inflasi di Jateng Imbas Kenaikan Harga BBM

Orang Muda Ganjar
""???????? ???????????????????? ?????????? ????????-????????"" https://t.co/Xsm7FdTQSa",Ini Cara Pak Ganjar Redam Lonjakan Inflasi di Jateng Imbas Kenaikan Harga BBM  Orang Muda Ganjar                                                               ,positif
203,"Demo Tolak Kenaikan Harga BBM di Jakarta Berakhir Ricuh, Tagar BBMNaikRakyatRevolusi Menggema
https://t.co/2o3HGdF8U9",Demo Tolak Kenaikan Harga BBM di Jakarta Berakhir Ricuh  Tagar BBMNaikRakyatRevolusi Menggema  ,negatif
204,"Aksi Penolakan Kenaikan Harga BBM, Bogor yang Sejuk, Kini Memanas! | MMC News 

Masyarakat Bogor yang tergabung dalam Forum Komunikasi Umat Islam Bersatu (FKUIB) yang Rabu kemarin, 7 September 2022 menggelar aksi di depan gedung DPRD Kota Bogor. 

https://t.co/RjigWRMGcm https://t.co/cEZHz60u5M",Aksi Penolakan Kenaikan Harga BBM  Bogor yang Sejuk  Kini Memanas    MMC News   Masyarakat Bogor yang tergabung dalam Forum Komunikasi Umat Islam Bersatu  FKUIB  yang Rabu kemarin    September   menggelar aksi di depan gedung DPRD Kota Bogor       ,negatif
205,"Aksi Penolakan Kenaikan Harga BBM, Bogor yang Sejuk, Kini Memanas! | MMC News 

Forum Komunikasi Umat Islam Bersatu (FKUIB) yang Rabu kemarin, 7 September 2022 menggelar aksi di depan gedung DPRD Kota Bogor. Apa saja yang menjadi tuntutan mereka? 

https://t.co/RjigWRMGcm https://t.co/P1UfdYzW1P",Aksi Penolakan Kenaikan Harga BBM  Bogor yang Sejuk  Kini Memanas    MMC News   Forum Komunikasi Umat Islam Bersatu  FKUIB  yang Rabu kemarin    September   menggelar aksi di depan gedung DPRD Kota Bogor  Apa saja yang menjadi tuntutan mereka       ,negatif
206,"Tolak Kenaikan Harga BBM, Jangan Bikin Rakyat Tambah Sengsara!

""Kenaikan BBM bersubsidi akan semakin mendekatkan perekonomian nasional pada kondisi triple horror yg sangat mengkhawatirkan, akan terjadi efek berantai dlm perekonomian."" ~ @nurazizahtamhi1

https://t.co/wpGYsFLS9L",Tolak Kenaikan Harga BBM  Jangan Bikin Rakyat Tambah Sengsara    Kenaikan BBM bersubsidi akan semakin mendekatkan perekonomian nasional pada kondisi triple horror yg sangat mengkhawatirkan  akan terjadi efek berantai dlm perekonomian         ,negatif
207,"@abu_waras Di detik menjelang habis masa jabatan sbg gubernur, beliau masih memikirkan nasib warganya akibat kenaikan BBM. Semoga kiprah beliau mampu melahirkan tunas tunas pemimpin muda yg mengikuti jejak langkah beliau utk masa depan Indonesia yg lebih ",  Di detik menjelang habis masa jabatan sbg gubernur  beliau masih memikirkan nasib warganya akibat kenaikan BBM  Semoga kiprah beliau mampu melahirkan tunas tunas pemimpin muda yg mengikuti jejak langkah beliau utk masa depan Indonesia yg lebih ,netral
208,"Tegas, Fraksi PKS Sumbar Tolak Kenaikan Harga BBM Bersubsidi !

""Kebijakan pemerintah menaikkan BBM menyebabkan kenaikan inflasi makin parah, dan efek domino kenaikan harga BBM bersubsidi akan berdampak luas."" ~ Nurfirman Wansyah

https://t.co/LQvhC1mQks https://t.co/nRLNgrB6WC",Tegas  Fraksi PKS Sumbar Tolak Kenaikan Harga BBM Bersubsidi     Kebijakan pemerintah menaikkan BBM menyebabkan kenaikan inflasi makin parah  dan efek domino kenaikan harga BBM bersubsidi akan berdampak luas     Nurfirman Wansyah     ,negatif
209,"Dari Rejang Lebong, Bengkulu, PKS suarakan keresahan masyarakat menolak kenaikan BBM bersubsidi.

Kenaikan BBM menambah beban rakyat, PKS tegas serukan Batalkan Kenaikan BBM.
#AksiTolakBBMNaik https://t.co/txSFelzyoU",Dari Rejang Lebong  Bengkulu  PKS suarakan keresahan masyarakat menolak kenaikan BBM bersubsidi   Kenaikan BBM menambah beban rakyat  PKS tegas serukan Batalkan Kenaikan BBM   AksiTolakBBMNaik  ,negatif
210,"""Begitu harga pangan naik, artinya di sebuah daerah kemiskinan juga akan terkerek ikut naik. Utamanya, harga beras sebagai komponen utama,"" kata Presiden Jokowi saat memberikan pengarahan kepada seluruh kepala daerah terkait pengendalian inflasi
 https://t.co/GRkSA2Nzxm", Begitu harga pangan naik  artinya di sebuah daerah kemiskinan juga akan terkerek ikut naik  Utamanya  harga beras sebagai komponen utama   kata Presiden Jokowi saat memberikan pengarahan kepada seluruh kepala daerah terkait pengendalian inflasi   ,netral
211,Mahasiswa melakukan aksi unjuk rasa di depan gedung Balai Kota DKI Jakarta. Massa tersebut terlihat berorasi sambil membakar ban. https://t.co/z03LFoCUsf,Mahasiswa melakukan aksi unjuk rasa di depan gedung Balai Kota DKI Jakarta  Massa tersebut terlihat berorasi sambil membakar ban   ,negatif
212,"Tiga Mahasiswa Ditangkap Saat Demo Tolak Kenaikan BBM di Bengkulu Ricuh
https://t.co/I1UU3k7Mcd",Tiga Mahasiswa Ditangkap Saat Demo Tolak Kenaikan BBM di Bengkulu Ricuh  ,negatif
213,Massa aksi Kenaikan Harga BBM di depan Gedung DPRD Kalimantan Timur pun sampai malam.. ?????? (13/Sept/2022) https://t.co/yN67oGS8U1 https://t.co/va93L6M42H,Massa aksi Kenaikan Harga BBM di depan Gedung DPRD Kalimantan Timur pun sampai malam             Sept       ,negatif
214,"#BeritaJatim 
Ratusan Mahasiswa di Surabaya Geruduk Grahadi, Tolak Kenaikan Harga BBM
#demomahasiswa
#gedunggrahadisurabaya
#kenaikanbbm 
https://t.co/h8humL4XfL", BeritaJatim  Ratusan Mahasiswa di Surabaya Geruduk Grahadi  Tolak Kenaikan Harga BBM  demomahasiswa  gedunggrahadisurabaya  kenaikanbbm   ,negatif
215,Berbagai Elemen Massa Menggelar Aksi Demo Menolak Kenaikan BBM di Patung Kuda (Selasa/13/9/22) https://t.co/6RXkf1igaF,Berbagai Elemen Massa Menggelar Aksi Demo Menolak Kenaikan BBM di Patung Kuda  Selasa         ,negatif
216,"KSP Klaim Jokowi Dengarkan Aspirasi Tolak Kenaikan BBM
https://t.co/C6sxgIFPOn",KSP Klaim Jokowi Dengarkan Aspirasi Tolak Kenaikan BBM  ,negatif
217,"Rakyat mana yang mau diwakilkan pengucapan kayak gininya di tengah keramaian demo kenaikan BBM?

Fungsi DPR sudah berubah?

Arogan sekali anggota DPR sekarang ini. Dibayar mahal hanya untuk MELUKAI HATI RAKYAT yang suaranya pernah dipakai untuk pelantikannya.

DPR ANEH!",Rakyat mana yang mau diwakilkan pengucapan kayak gininya di tengah keramaian demo kenaikan BBM   Fungsi DPR sudah berubah   Arogan sekali anggota DPR sekarang ini  Dibayar mahal hanya untuk MELUKAI HATI RAKYAT yang suaranya pernah dipakai untuk pelantikannya   DPR ANEH ,negatif
218,"KITA BALIK!
Berarti ini anggota DPR nya yang nggak punya peri kemanusiaan. Bisa-bisanya ""bilang Happy birthday ke Puan di tengah rapat paripurna yang belum kelar"" padahal diluar banyak rakyat yang lagi demo kenaikan BBM. 

DPR itu masih Dewan Perwakilan Rakyat beneran nggak sih? https://t.co/PHqXSsQmGs",KITA BALIK  Berarti ini anggota DPR nya yang nggak punya peri kemanusiaan  Bisa bisanya  bilang Happy birthday ke Puan di tengah rapat paripurna yang belum kelar  padahal diluar banyak rakyat yang lagi demo kenaikan BBM    DPR itu masih Dewan Perwakilan Rakyat beneran nggak sih   ,netral
219,"@ommi_siregar @panca66 Demo kenaikan BBM dg menghamburkan BBM dan menimbulkan polusi suara.
Selamat berjuang.",    Demo kenaikan BBM dg menghamburkan BBM dan menimbulkan polusi suara  Selamat berjuang ,negatif
220,"Wapres kurang peka kemaslahatan rakyat.
Apa yg diraskan rakyat, beda dg yg dirasakan nya.
Rakyat sedang terbebani dg kebijakan kenaikan harga BBM.
#BBMNaikRakyatRevolusi https://t.co/JA3idxjAac",Wapres kurang peka kemaslahatan rakyat  Apa yg diraskan rakyat  beda dg yg dirasakan nya  Rakyat sedang terbebani dg kebijakan kenaikan harga BBM   BBMNaikRakyatRevolusi  ,negatif
221,Dewan DPRD Provinsi Bengkuku temui massa aksi Tolak Kenaikan Harga BBM di depan gedung DPRD Bengkulu.. ??????? (13/Sept/2022) https://t.co/sF3fOkEaKS,Dewan DPRD Provinsi Bengkuku temui massa aksi Tolak Kenaikan Harga BBM di depan gedung DPRD Bengkulu              Sept     ,negatif
222,"Penolakan Kenaikan Harga BBM Menggema di Paripurna DPRD Grobogan

Selengkapnya klik tautan berikut ini
#Grobogan #Rapatparipurna #DPRDGrobogan #PKSGrobogan #Tolakbbmnaik #bbmnaik
 https://t.co/1yarFi9fiO",Penolakan Kenaikan Harga BBM Menggema di Paripurna DPRD Grobogan  Selengkapnya klik tautan berikut ini  Grobogan  Rapatparipurna  DPRDGrobogan  PKSGrobogan  Tolakbbmnaik  bbmnaik   ,negatif
223,"Menahan laju inflasi sampai ke level pemerintah daerah, pemerintah menjaga imbas kenaikan harga BBM agar tetap terkendali https://t.co/NLbtOiM2Mf",Menahan laju inflasi sampai ke level pemerintah daerah  pemerintah menjaga imbas kenaikan harga BBM agar tetap terkendali  ,netral
224,Ekonom Soal Kenaikan BBM: Langkah Pemerintah Atasi Persoalan Bersama https://t.co/iIyOO4FndW,Ekonom Soal Kenaikan BBM  Langkah Pemerintah Atasi Persoalan Bersama  ,netral
225,"Massa mahasiswa yang menggelar demonstrasi menolak kenaikan harga bahan bakar minyak (BBM) masih bertahan di kawasan Patung Kuda, Jakarta Pusat, malam ini. https://t.co/mofTDE3Ah6",Massa mahasiswa yang menggelar demonstrasi menolak kenaikan harga bahan bakar minyak  BBM  masih bertahan di kawasan Patung Kuda  Jakarta Pusat  malam ini   ,negatif
226,Demokrat membebaskan Kadernya Ikut Demo kenaikan BBM! https://t.co/txBgwSKEDY,Demokrat membebaskan Kadernya Ikut Demo kenaikan BBM   ,negatif
227,Massa buruh bergerak menuju @DPR_RI menolak kenaikan harga BBM (6/9/2022) https://t.co/XTpDsHdx1z,Massa buruh bergerak menuju   menolak kenaikan harga BBM          ,negatif
228,"@Paltiwest @jokowi Orang-orang di Maluku Tenggara, sangat gembira ketika didatangi Presiden tercinta nya. Euphoria

Tapi di Jakarta hari ini pendemo kenaikan BBM pada histeria meneriakkan Presiden nya sendiri mundur.

Memang Ibukota sudah saatnya dipindah",    Orang orang di Maluku Tenggara  sangat gembira ketika didatangi Presiden tercinta nya  Euphoria  Tapi di Jakarta hari ini pendemo kenaikan BBM pada histeria meneriakkan Presiden nya sendiri mundur   Memang Ibukota sudah saatnya dipindah,netral
229,"Massa aksi ""Tolak Kenaikan Harga BBM"" memblokade jalan di Sampoddo Palopo, Sulawesi Selatan.. ??????? 
(13/Sept/2022) https://t.co/MJlcZOqn2E",Massa aksi  Tolak Kenaikan Harga BBM  memblokade jalan di Sampoddo Palopo  Sulawesi Selatan               Sept     ,negatif
230,"Aksi Aliansi Rakyat Surabaya (ARAS)  yang terdiri dari : GSBI, PEMPROF SURABAYA, LAMRI, ALIANSI BEM SURABAYA-ABS-ITS, UNAIR, PEN ITS, UPN, UINSA, UNESA, UNAIR FK KEDOKTERAN, UNUSA

TOLAK KENAIKAN HARGA BBM 
Hari ini 14 Sept 2022 gelar Aksi di Gedung Grahadi Surabaya Jawa Timur https://t.co/DbNPqvKFad",Aksi Aliansi Rakyat Surabaya  ARAS   yang terdiri dari   GSBI  PEMPROF SURABAYA  LAMRI  ALIANSI BEM SURABAYA ABS ITS  UNAIR  PEN ITS  UPN  UINSA  UNESA  UNAIR FK KEDOKTERAN  UNUSA  TOLAK KENAIKAN HARGA BBM  Hari ini   Sept   gelar Aksi di Gedung Grahadi Surabaya Jawa Timur  ,negatif
231,Mahasiswa demo di Balai Kota Jakarta untuk menolak kenaikan BBM diwarnai kericuhan. #kumparanNEWS https://t.co/TBycEs8u5A,Mahasiswa demo di Balai Kota Jakarta untuk menolak kenaikan BBM diwarnai kericuhan   kumparanNEWS  ,negatif
232,Udah bilang media masih di gebuk. lokasi Semarang tadi malam 060922  pasca Massa tolak kenaikan BBM https://t.co/75VeeBFXMA,Udah bilang media masih di gebuk  lokasi Semarang tadi malam    pasca Massa tolak kenaikan BBM  ,netral
233,"Bjorka.... Dimana-mana bjorka. oh..heyy haloooooo menurutku bjorka itu hekel palsu, yang sengaja dibuat oleh pemerintah supanya apa? Ya buat pengalihan isulahh... Oheyyyyy apa kabar kasus jendral² tolol trus kenaikan BBM bersubsidi? Kasus km 50 ? Lalalala",Bjorka     Dimana mana bjorka  oh  heyy haloooooo menurutku bjorka itu hekel palsu  yang sengaja dibuat oleh pemerintah supanya apa  Ya buat pengalihan isulahh    Oheyyyyy apa kabar kasus jendral  tolol trus kenaikan BBM bersubsidi  Kasus km     Lalalala,netral
234,Mahasiswa Boyolali Demo Tolak Kenaikan Harga BBM https://t.co/7cGHNpE9RA,Mahasiswa Boyolali Demo Tolak Kenaikan Harga BBM  ,negatif
235,"Kami akan terus menyuarakan keresahan masyarakat terkait naiknya harga BBM, karena dikhawatirkan akan berdampak terhadap harga bahan pokok lainnya.
Janji Presiden Jokowi yang mengatakan tdk ada kenaikan harga BBM sampai akhir tahun ternyata hanyalah omong kosong.
#PartaiDemokrat https://t.co/XlUK4O4k8j",Kami akan terus menyuarakan keresahan masyarakat terkait naiknya harga BBM  karena dikhawatirkan akan berdampak terhadap harga bahan pokok lainnya  Janji Presiden Jokowi yang mengatakan tdk ada kenaikan harga BBM sampai akhir tahun ternyata hanyalah omong kosong   PartaiDemokrat  ,negatif
236,"Akibat kenaikan harga BBM, harga sayur, ikan, daging di pasar ikut melonjak. Tapi meski harga naik, bukannya dapat untung lebih, justru pedagang mengeluh. Pasalnya, makin sulit menjual barang dagangan.

#SilatTani #AnginTimur
#EkspedisiIndonesiaBaru https://t.co/OYb8VenlEf",Akibat kenaikan harga BBM  harga sayur  ikan  daging di pasar ikut melonjak  Tapi meski harga naik  bukannya dapat untung lebih  justru pedagang mengeluh  Pasalnya  makin sulit menjual barang dagangan    SilatTani  AnginTimur  EkspedisiIndonesiaBaru  ,netral
237,"@CNNIndonesia Mari back 2 Sambo, kenaikan BBM dan 3 periode..!!!",  Mari back   Sambo  kenaikan BBM dan   periode     ,netral
238,SUDAH TAYANG YA! SAID DIDU SANG “ORANG DALAM” SOAL KENAIKAN HARGA BBM: SUBSIDI ADALAH “CANDU” BANSOS ADALAH “NARKOBA”!! YOUTUBE: https://t.co/aXqWysaG57  (INDONESIA LAWYERS CLUB) https://t.co/B1brEPAewl,SUDAH TAYANG YA  SAID DIDU SANG  ORANG DALAM  SOAL KENAIKAN HARGA BBM  SUBSIDI ADALAH  CANDU  BANSOS ADALAH  NARKOBA    YOUTUBE      INDONESIA LAWYERS CLUB   ,positif
239,"Kurang jauh beritanya, di Makasar juga rame tuh tolak kenaikan BBM https://t.co/XTELYx1Nn7",Kurang jauh beritanya  di Makasar juga rame tuh tolak kenaikan BBM  ,negatif
240,"Massa aksi di paksa pukul mundur oleh Aparat kepolisian, dg menggunakan gas air mata &amp; Water Canon (Meriam Air) &amp; beberapa massa pun diamankan oleh Aparat di depan gedung DPRD Provinsi Bengkulu.. (6/Sept/2022)

Tolak Kenaikan Harga BBM ??????? https://t.co/AU6XtlJPmG",Massa aksi di paksa pukul mundur oleh Aparat kepolisian  dg menggunakan gas air mata  amp  Water Canon  Meriam Air   amp  beberapa massa pun diamankan oleh Aparat di depan gedung DPRD Provinsi Bengkulu      Sept     Tolak Kenaikan Harga BBM          ,negatif
241,"@Tan_Mar3M @DoankWarto Ngapain soal pribadi (poligami) dikaitkan dengan kepentingan umum (menolak kenaikan BBM)?

Benci ya sama PKS?
Kenapa poligami kakeknya Puan gak lo sindirin?",    Ngapain soal pribadi  poligami  dikaitkan dengan kepentingan umum  menolak kenaikan BBM    Benci ya sama PKS  Kenapa poligami kakeknya Puan gak lo sindirin ,netral
242,"Demo tolak kenaikan harga BBM terus berlangsung di sejumlah daerah, tidak hanya mahasiswa, pengemudi ojek online protes kenaikan harga BBM yang tidak diiringi dengan kenaikan tarif ojol yang sesuai. https://t.co/0Gfq8MtyLv",Demo tolak kenaikan harga BBM terus berlangsung di sejumlah daerah  tidak hanya mahasiswa  pengemudi ojek online protes kenaikan harga BBM yang tidak diiringi dengan kenaikan tarif ojol yang sesuai   ,negatif
243,Bantahan Sdr. Yustinus @prastow atas pernyataan saya mengenai narasi menyesatkan di balik kenaikan harga BBM sebenarnya tidak sedikitpun membantah argumen yang saya kemukakan. Mari kita bahas.,Bantahan Sdr  Yustinus   atas pernyataan saya mengenai narasi menyesatkan di balik kenaikan harga BBM sebenarnya tidak sedikitpun membantah argumen yang saya kemukakan  Mari kita bahas ,netral
244,"Termasuk soal penolakan kenaikan harga Bahan Bakar Minyak (BBM)

@Dr_Moeldoko bahkan mengapresiasi pengunjuk rasa yang menyampaikan aspirasinya soal penyesuaian harga BBM dengan tertib sehingga situasi demonstrasi tetap kondusif

#PenjagaNKRI @KSPgoid https://t.co/d8VC0FriqK",Termasuk soal penolakan kenaikan harga Bahan Bakar Minyak  BBM     bahkan mengapresiasi pengunjuk rasa yang menyampaikan aspirasinya soal penyesuaian harga BBM dengan tertib sehingga situasi demonstrasi tetap kondusif   PenjagaNKRI    ,negatif
245,"Didemo Selama 2 Minggu Terakhir, Istana Klaim Jokowi 'Dengarkan' Aspirasi Tolak Kenaikan BBM
https://t.co/nYdKY1iZ48",Didemo Selama   Minggu Terakhir  Istana Klaim Jokowi  Dengarkan  Aspirasi Tolak Kenaikan BBM  ,negatif
246,"Kader IMM Tolak Kenaikan BBM, Pemkab &amp; DPRD Akan Ajukan Ke Pusat https://t.co/oTY429rNTF",Kader IMM Tolak Kenaikan BBM  Pemkab  amp  DPRD Akan Ajukan Ke Pusat  ,negatif
247,"12) Pada 2008, harga ICP juga melonjak hingga US$ 96,1, padahal asumsi APPN US$63. Tapi karena kurs hanya Rp9.161/USD, kenaikan harga BBM tidak sebesar sekarang. Tahun itu harga BBM bahkan kemudian diturunkan kembali hingga 2 kali.",   Pada    harga ICP juga melonjak hingga US       padahal asumsi APPN US    Tapi karena kurs hanya Rp    USD  kenaikan harga BBM tidak sebesar sekarang  Tahun itu harga BBM bahkan kemudian diturunkan kembali hingga   kali ,negatif
248,"11) Pemerintah gagal jaga fundamental ekonomi shg rupiah terus merosot. Sebagai catatan, pada 2011 harga ICP pernah capai US$111,6/barel, asumsi APBN-nya hanya US$80. Tapi karena kurs kuat, hanya Rp9.144/USD, tidak ada kenaikan harga BBM.",   Pemerintah gagal jaga fundamental ekonomi shg rupiah terus merosot  Sebagai catatan  pada   harga ICP pernah capai US     barel  asumsi APBN nya hanya US    Tapi karena kurs kuat  hanya Rp    USD  tidak ada kenaikan harga BBM ,netral
249,"8) Kenapa aneh? Di satu sisi Pemerintah selalu klaim depresiasi rupiah paling rendah jika dibanding mata uang negara lain, tapi kenaikan harga BBM kita justru yang paling tinggi.",   Kenapa aneh  Di satu sisi Pemerintah selalu klaim depresiasi rupiah paling rendah jika dibanding mata uang negara lain  tapi kenaikan harga BBM kita justru yang paling tinggi ,positif
250,"Dengan Tersalurkan nya BLT ke Masyarakat
Mampu Mengurangi Beban Karna kenaikan Harga BBM.
Subsidi Tepat Sasaran.
#BLTBBMBantuMasyarakat
#BansosBBMRingankanRakyat
#KPMPenyaluranBLTTepatSasaran
ACEH https://t.co/81WbVcETT2",Dengan Tersalurkan nya BLT ke Masyarakat Mampu Mengurangi Beban Karna kenaikan Harga BBM  Subsidi Tepat Sasaran   BLTBBMBantuMasyarakat  BansosBBMRingankanRakyat  KPMPenyaluranBLTTepatSasaran ACEH  ,positif
251,"@andrewbendico @detikcom Naahh... di setiap rezim ada kenaikan BBM jd kan! di semua rezim punya pertimbangan masing2 utk naikin bbm... supaya fair kita harus liyat kondisi rakyat yg dulu (????thn 2012, jaman SBY) terjepit ekonominya gimana sekarang kondis",    Naahh    di setiap rezim ada kenaikan BBM jd kan  di semua rezim punya pertimbangan masing  utk naikin bbm    supaya fair kita harus liyat kondisi rakyat yg dulu      thn    jaman SBY  terjepit ekonominya gimana sekarang kondis,netral
252,Kenaikan harga BBM kali ini demonya kaya isi rekening dan hati. Sepi.,Kenaikan harga BBM kali ini demonya kaya isi rekening dan hati  Sepi ,negatif
253,"Tolak Kenaikan BBM, Gebrak Akan Kepung Istana Siang Ini
https://t.co/WaFQNiXaXj",Tolak Kenaikan BBM  Gebrak Akan Kepung Istana Siang Ini  ,negatif
254,"Demo Tolak Kenaikan BBM Hampir Ricuh, Ribuan Mahasiswa Geruduk Kantor DPRD Rohul | https://t.co/scDIIx8Wib https://t.co/07PL7pB4y8",Demo Tolak Kenaikan BBM Hampir Ricuh  Ribuan Mahasiswa Geruduk Kantor DPRD Rohul      ,negatif
255,Harga Beras di Kota Serang Sudah Naik Sebelum Kenaikan BBM https://t.co/3uPE922NCi,Harga Beras di Kota Serang Sudah Naik Sebelum Kenaikan BBM  ,negatif
256,"Polres Jepara Terjunkan Personil Gabungan Amankan Aksi Unjuk Rasa Mahasiswa

Polres Jepara - Personel gabungan jajaran Polres Jepara diterjunkan guna melakukan pengamanan aksi unjuk rasa tolak kenaikan harga BBM yang dilakukan ratusan mahasiswa dari Aliansi Mahasiswa Jepara, https://t.co/zDtzwKRWHV",Polres Jepara Terjunkan Personil Gabungan Amankan Aksi Unjuk Rasa Mahasiswa  Polres Jepara   Personel gabungan jajaran Polres Jepara diterjunkan guna melakukan pengamanan aksi unjuk rasa tolak kenaikan harga BBM yang dilakukan ratusan mahasiswa dari Aliansi Mahasiswa Jepara   ,netral
257,"Hari ini (14/9) di Bangil, PKS serukan Tolak Kenaikan BBM
 ""PKS Kab Pasuruan menyatakan dg tegas menolak ats kenaikan BBM Bersubsidi dan jg mendesak pemerintah sgr membatalkan kenaikan BBM ini!"" tegas Agus Firmansyah, S.Kom, Ketua PKS Kab Pasuruan
@PKSejahtera
@PKSJATIM https://t.co/g4OsktZ7Mm",Hari ini       di Bangil  PKS serukan Tolak Kenaikan BBM   PKS Kab Pasuruan menyatakan dg tegas menolak ats kenaikan BBM Bersubsidi dan jg mendesak pemerintah sgr membatalkan kenaikan BBM ini   tegas Agus Firmansyah  S Kom  Ketua PKS Kab Pasuruan      ,netral
258,"rekomendasi dompet super-kiyowo ??

—thread

ios 26 menagin aku min seulgi pssi fifa fikri ngeri-ngeri sedap damai jaga kondusif bjorka seokjin kami menolak kenaikan bbm beauty 900 va keren no gimmick selasa #OurStarboyYeonjun #JENOxVOGUE #STYKangenBulgogi #kamujahat  #NYFW https://t.co/E02y5LtChG",rekomendasi dompet super kiyowo      thread  ios   menagin aku min seulgi pssi fifa fikri ngeri ngeri sedap damai jaga kondusif bjorka seokjin kami menolak kenaikan bbm beauty   va keren no gimmick selasa  OurStarboyYeonjun  JENOxVOGUE  STYKangenBulgogi  kamujahat   NYFW  ,netral
259,"rekomendasi cardigan &amp; outer dark tone ??

—thread

ios 16 bjorka pssi seulgi fifa menagin aku min damai jaga kondusif keren no gimmick fikri anies ngeri-ngeri sedap ROSÉ AT TIFFANY BOTANICA  kami menolak kenaikan bbm seokjin #OurStarboyYeonjun #JENOxVOGUE #kamujahat #NYFW https://t.co/LPHvDpFDmF",rekomendasi cardigan  amp  outer dark tone      thread  ios   bjorka pssi seulgi fifa menagin aku min damai jaga kondusif keren no gimmick fikri anies ngeri ngeri sedap ROS  AT TIFFANY BOTANICA  kami menolak kenaikan bbm seokjin  OurStarboyYeonjun  JENOxVOGUE  kamujahat  NYFW  ,netral
260,"Saya menyampaikan aspirasi tentang keresahan masyarakat terkait dampak kenaikan BBM terhadap perekonomian mereka. Kenaikan BBM ini sangat berpengaruh pada perekonomian masyarakat, seharusnnya pemerintah tidak mencabut subsidi saat ini.
#AHY
#PartaiDemokrat
https://t.co/MWarUWHzHp",Saya menyampaikan aspirasi tentang keresahan masyarakat terkait dampak kenaikan BBM terhadap perekonomian mereka  Kenaikan BBM ini sangat berpengaruh pada perekonomian masyarakat  seharusnnya pemerintah tidak mencabut subsidi saat ini   AHY  PartaiDemokrat  ,positif
261,"Pemerintah tetap berkeyakinan inflasi pada tahun 2022 akan bisa terkendali di bawah lima persen, meskipun ada kenaikan harga BBM subsidi.

https://t.co/yeov6xcqLK",Pemerintah tetap berkeyakinan inflasi pada tahun   akan bisa terkendali di bawah lima persen  meskipun ada kenaikan harga BBM subsidi    ,netral
